"TABLE ID","IDENTIFIER","TEXT"
"DO NOT DELETE_DO NOT DELETE_DO NOT DELETE_DO NOT DELETE_DO NOT DELETE_DO NOT DELETE_DO NOT DELETE_DO NOT DELETE_DO NOT DELETE_DO NOT DELETE_DO NOT DELETE_DO NOT DELETE_DO NOT DELETE_DO NOT DELETE_DO NOT DELETE_DO NOT DELETE_DO NOT DELETE_DO NOT DELETE_DO NOT DELETE_DO NOT DELETE_DO NOT DELETE_DO NOT DELETE_DO NOT DELETE_DO NOT DELETE_DO NOT DELETE_DO NOT DELETE_DO NOT DELETE_DO NOT DELETE_DO NOT DELETE_DO NOT DELETE_DO NOT DELETE_DO NOT DELETE_DO NOT DELETE_DO NOT DELETE_DO NOT DELETE_DO NOT DELETE_DO NOT DELETE_DO NOT DELETE_DO NOT DELETE_DO NOT DELETE_DO NOT DELETE_DO NOT DELETE_DO NOT DELETE","DO NOT DELETE_DO NOT DELETE_DO NOT DELETE_DO NOT DELETE_DO NOT DELETE_DO NOT DELETE_DO NOT DELETE_DO NOT DELETE_DO NOT DELETE_DO NOT DELETE_DO NOT DELETE_DO NOT DELETE_DO NOT DELETE_DO NOT DELETE_DO NOT DELETE_DO NOT DELETE_DO NOT DELETE_DO NOT DELETE_DO NOT DELETE_DO NOT DELETE_DO NOT DELETE_DO NOT DELETE_DO NOT DELETE_DO NOT DELETE_DO NOT DELETE_DO NOT DELETE_DO NOT DELETE_DO NOT DELETE_DO NOT DELETE_DO NOT DELETE_DO NOT DELETE_DO NOT DELETE_DO NOT DELETE_DO NOT DELETE_DO NOT DELETE_DO NOT DELETE_DO NOT DELETE_DO NOT DELETE_DO NOT DELETE_DO NOT DELETE_DO NOT DELETE_DO NOT DELETE_DO NOT DELETE","DO NOT DELETE_DO NOT DELETE_DO NOT DELETE_DO NOT DELETE_DO NOT DELETE_DO NOT DELETE_DO NOT DELETE_DO NOT DELETE_DO NOT DELETE_DO NOT DELETE_DO NOT DELETE_DO NOT DELETE_DO NOT DELETE_DO NOT DELETE_DO NOT DELETE_DO NOT DELETE_DO NOT DELETE_DO NOT DELETE_DO NOT DELETE_DO NOT DELETE_DO NOT DELETE_DO NOT DELETE_DO NOT DELETE_DO NOT DELETE_DO NOT DELETE_DO NOT DELETE_DO NOT DELETE_DO NOT DELETE_DO NOT DELETE_DO NOT DELETE_DO NOT DELETE_DO NOT DELETE_DO NOT DELETE_DO NOT DELETE_DO NOT DELETE_DO NOT DELETE_DO NOT DELETE_DO NOT DELETE_DO NOT DELETE_DO NOT DELETE_DO NOT DELETE_DO NOT DELETE_DO NOT DELETE"
"TSIDS01","TITLE","Subject Screening and Enrollment; Screened Analysis Set (Study jjcs - core)"
"TSIDS01","FOOTNOTE1","Note: A subject that is re-screened is counted once for each screening."
"TSIDS02","TITLE","Subject Disposition; [Randomized/Enrolled] Analysis Set (Study jjcs - core)"
"TSIDS02a","TITLE","Subject Disposition by [Subgroup]; [Randomized/Enrolled] Analysis Set (Study jjcs - core)"
"TSIDS02b","TITLE","Subject Disposition; [Randomized/Enrolled] Analysis Set (Study jjcs - core)"
"TSIDS02b","FOOTNOTE1","~{super a} Subject didn't discontinue from any study agent."
"GSIDS01a","TITLE","Time to Permanent Discontinuation of Study Treatment; [Analysis Set] Analysis Set (Study jjcs - core)"
"GSIDS01a","FOOTNOTE1","Note: Time to permanent discontinuation of study treatment is defined as the duration of time from the first dose to the last dose of treatment for each subject, regardless of the reason for treatment discontinuation."
"GSIDS01b","TITLE","Time to Last Follow-up; [Analysis Set] Analysis Set (Study jjcs - core)"
"GSIDS01b","FOOTNOTE1","Note: Time to last follow-up is defined as the duration of time from the first dose to the latest study visit available for each subject"
"GSIDS02","TITLE","Time to [Discontinuation of Study Participation]; [Analysis Set] Analysis Set (Study jjcs - core)"
"GSIDS03","TITLE","Disposition of Subjects; Screened Analysis Set (Study jjcs - core)"
"GSIDS03","FOOTNOTE1","Note: The consort diagram is based on disposition [table(s) TSIDS02]."
"LSIDS01","TITLE","Listing of Subjects Who Permanently Discontinued Treatment;  Analysis Set (Study jjcs - core)"
"LSIDS01","FOOTNOTE1","~{super a} Last visit is the last visit which the subject attended before discontinuing study [treatment/agent]."
"LSIDS01","FOOTNOTE2","~{super b} Study day is relative to [the start of [study treatment]]."
"LSIDS01","FOOTNOTE3","~{super c} Total dose is defined as a cumulative sum of all study agent administered."
"LSIDS02","TITLE","Listing of Subjects Who Discontinued Study Participation Prematurely;  Analysis Set (Study jjcs - core)"
"LSIDS02","FOOTNOTE1","~{super a} Last study visit is the last visit which the subject attended before discontinuing study participation prematurely."
"LSIDS02","FOOTNOTE2","~{super b} Study day is relative to [the start of [study treatment]]."
"LSIDS02","FOOTNOTE3","~{super c} Last treatment visit is the visit which the subject attended before discontinuing study participation where treatment was administered."
"LSIDS02","FOOTNOTE4","~{super d} Total dose is defined as a cumulative sum of all study agent administered."
"LSIDS03","TITLE","Listing of Subjects Who Were Unblinded During the Study;  Analysis Set (Study jjcs - core)"
"LSIDS03","FOOTNOTE1","~{super a} Last visit is the last visit which the subject attended before discontinuing study agent"
"LSIDS03","FOOTNOTE2","~{super b} Study day is relative to [the start of [study treatment]]."
"LSIDS03","FOOTNOTE3","~{super c} Total dose is defined as a cumulative sum of all study agent administered."
"LSIDS04","TITLE","Listing of Subjects Who Were Randomized but Never Treated; Randomized Analysis Set (Study jjcs - core)"
"LSIDS05","TITLE","Listing of Overall Study Start and End Dates; Screened Analysis Set (Study jjcs - core)"
"LSIDS05","FOOTNOTE1","~{super a} Date of earliest signed informed consent in the study."
"LSIDS05","FOOTNOTE2","~{super b} Date of last visit of the last subject in the study."
"LSIDS05","FOOTNOTE3","~{super c} Date of last contact of the last subject who has completed or discontinued the study."
"TSIDEV01","TITLE","Subjects With Major Protocol Deviations by Region and Center; Full Analysis Set (Study jjcs - core)"
"TSIDEV01","FOOTNOTE1","Note: Subjects may appear in more than one category."
"TSIDEV02","TITLE","Subjects Who Did Not Meet Inclusion Criteria or Who Met Exclusion Criteria by Region and Center; Full Analysis Set (Study jjcs - core)"
"LSIDEV01","TITLE","Listing of Subjects With Major Protocol Deviations by Region and Center; Full Analysis Set (Study jjcs - core)"
"LSIDEV01","FOOTNOTE1","~{super a} Study day is relative to [the start of [study treatment]]."
"LSIDEV02","TITLE","Listing of Subjects Who Received Incorrect Treatment or Dose by Region and Center; Full Analysis Set (Study jjcs - core)"
"LSIDEV02","FOOTNOTE1","~{super a} Study day is relative to [the start of [study treatment]]."
"TSIDEM01","TITLE","Demographics and Baseline Characteristics; Full Analysis Set (Study jjcs - core)"
"TSIDEM02","TITLE","Subjects by Region, Country/Territory, and Site; Full Analysis Set (Study jjcs - core)"
"LSIDEM01","TITLE","Listing of Demographics and Baseline Characteristics; Full Analysis Set (Study jjcs - core)"
"LSIDEM02","TITLE","Randomization Listing; Randomized Analysis Set (Study jjcs - core)"
"TSIMH01","TITLE","[Medical History/Medical History of Interest] by System Organ Class and Preferred Term; Full Analysis Set (Study jjcs - core)"
"TSIMH01","FOOTNOTE1","Note: Medical history is coded using MedDRA version 26.0."
"LSIMH01","TITLE","Listing of [Medical History/Medical History of Interest]; Full Analysis Set (Study jjcs - core)"
"LSIMH01","FOOTNOTE1","~{super a} Study day is relative to [the start of [study treatment]]."
"LSIMH01","FOOTNOTE2","Note: Medical history is coded using MedDRA version 26.0."
"LSIMH01","FOOTNOTE3","Note: Medical history is evaluated according to the NCI-CTCAE version &ctcae.."
"TSICM01","TITLE","Concomitant Medications; Safety Analysis Set (Study jjcs - core)"
"TSICM01","FOOTNOTE1","Note: Concomitant medications are defined as any therapy used on or after the same day as the first dose of study treatment ~{optional [up to last dose of study treatment +xx days]}, including those that started before and continue on after the first dose of study treatment."
"TSICM02","TITLE","Concomitant Medications; Safety Analysis Set (Study jjcs - core)"
"TSICM02","FOOTNOTE1","Note: Concomitant medications are defined as any therapy used on or after the same day as the first dose of study treatment ~{optional [up to last dose of study treatment +xx days]}, including those that started before and continue on after the first dose of study treatment."
"TSICM03","TITLE","Concomitant Medications Received by =[xx]% of Subjects; Safety Analysis Set (Study jjcs - core)"
"TSICM03","FOOTNOTE1","Note: Concomitant medications are defined as any therapy used on or after the same day as the first dose of study treatment ~{optional [up to last dose of study treatment +xx days]}, including those that started before and continue on after the first dose of study treatment."
"TSICM04","TITLE","Concomitant Medications Received by =[xx]% of Subjects; Safety Analysis Set (Study jjcs - core)"
"TSICM04","FOOTNOTE1","Note: Concomitant medications are defined as any therapy used on or after the same day as the first dose of study treatment ~{optional [up to last dose of study treatment +xx days]}, including those that started before and continue on after the first dose of study treatment."
"TSICM05","TITLE","Prior Medications; Safety Analysis Set (Study jjcs - core)"
"TSICM05","FOOTNOTE1","Note: Prior medications are defined as any therapy used before the day of first dose (partial or complete) of study treatment."
"TSICM06","TITLE","Prior Medications; Safety Analysis Set (Study jjcs - core)"
"TSICM06","FOOTNOTE1","Note: Prior medications are defined as any therapy used before the day of first dose (partial or complete) of study treatment."
"TSICM07","TITLE","Concomitant Medications of Interest; Safety Analysis Set (Study jjcs - core)"
"TSICM07","FOOTNOTE1","Note: Concomitant medications are defined as any therapy used on or after the same day as the first dose of study treatment ~{optional [up to last dose of study treatment +xx days]}, including those that started before and continue on after the first dose of study treatment."
"TSICM08","TITLE","Concomitant Medications of Interest; Safety Analysis Set (Study jjcs - core)"
"TSICM08","FOOTNOTE1","Note: Concomitant medications are defined as any therapy used on or after the same day as the first dose of study treatment ~{optional [up to last dose of study treatment +xx days]}, including those that started before and continue on after the first dose of study treatment."
"LSICM01","TITLE","Listing of Medications; Safety Analysis Set (Study jjcs - core)"
"LSICM01","FOOTNOTE1","Key: P=Prior, C=Concomitant~{optional , F=Follow-up}"
"LSICM01","FOOTNOTE2","~{super a} Study day is relative to [the start of [study treatment]]."
"TSIEX01","TITLE","Duration of Treatment; Safety Analysis Set (Study jjcs - core)"
"TSIEX01","FOOTNOTE1","~{super a} Duration of treatment is defined as [(date of last dose of study treatment – date of first dose of study treatment) +1]."
"TSIEX01","FOOTNOTE2","~{super b} Subjects are summarized in all applicable duration categories."
"TSIEX02","TITLE","Study Treatment Administration; Safety Analysis Set (Study jjcs - core)"
"TSIEX02","FOOTNOTE1","~{super a} Total dosing days of treatment is defined as the total number of days study treatment received – number of days off study treatment."
"TSIEX03","TITLE","Study Treatment Administration; Safety Analysis Set (Study jjcs - core)"
"TSIEX03","FOOTNOTE1","~{super a} Subjects are summarized in all applicable duration categories."
"TSIEX04","TITLE","Number of Cycles Received; Safety Analysis Set (Study jjcs - core)"
"TSIEX04","FOOTNOTE1","~{super a} Subjects are summarized in all applicable cycle categories."
"TSIEX06","TITLE","Subjects Who Received Study Treatment Over Time; Safety Analysis Set (Study jjcs - core)"
"TSIEX07","TITLE","Dose Levels Over Time; Safety Analysis Set (Study jjcs - core)"
"TSIEX08","TITLE","Incidence and Reason for Dose Modification; Safety Analysis Set (Study jjcs - core)"
"TSIEX08","FOOTNOTE1","Note: Percentages are based on the number of subjects who had a visit at the specified time point."
"TSIEX08","FOOTNOTE2","Note: Subjects may be counted in more than one category."
"TSIEX09","TITLE","Distribution of Subjects by Study Treatment Lot; Safety Analysis Set (Study jjcs - core)"
"TSIEX09","FOOTNOTE1","Note: Subjects may be counted in multiple lots, if applicable."
"TSIEX10","TITLE","Study Treatment Compliance; Safety Analysis Set (Study jjcs - core)"
"TSIEX10","FOOTNOTE1","~{super a} Compliance is calculated as (actual number of [tablets taken]/total number of [tablets supposed to be taken]) x100 / number of days taking study treatment/total treatment duration~{optional  [(including days off study treatment)] }x100 / (amount dispensed-amount returned)/amount dispensed x100]."
"TSIEX11","TITLE","Incidence and Reason for Treatment Modification for Infusions; Safety Analysis Set (Study jjcs - core)"
"TSIEX11","FOOTNOTE1","Note: For ‘Overall’, subjects can only be counted once in each category."
"TSIEX11","FOOTNOTE2","Note: Includes subjects who had any dose modifications during treatment."
"GSIEX01","TITLE","Duration of Treatment; Safety Analysis Set (Study jjcs - core)"
"LSIEX01","TITLE","Listing of Study Treatment Administration; Safety Analysis Set (Study jjcs - core)"
"LSIEX01","FOOTNOTE1","~{super a} Study day is relative to [the start of [study treatment]]."
"LSIEX02","TITLE","Listing of Study Treatment Batch Lot Number; Safety Analysis Set (Study jjcs - core)"
"LSIEX03","TITLE","Listing of Study Treatment Administration for Infusions; Safety Analysis Set (Study jjcs - core)"
"LSIEX03","FOOTNOTE1","~{super a} Study day is relative to [the start of [study treatment]]."
"TSFAE01a","TITLE","Overall Summary of Subjects With Treatment-emergent Adverse Events; Safety Analysis Set (Study jjcs - core)"
"TSFAE01a","FOOTNOTE1","~{super a} Dose modifications as collected on the AE CRF are presented. Subjects may be counted once for each modification type."
"TSFAE01a","FOOTNOTE2","~{super b} The event experienced by the subject with the worst severity is used."
"TSFAE01b","TITLE","Overall Summary of Subjects With Treatment-emergent Adverse Events; Safety Analysis Set (Study jjcs - core)"
"TSFAE01b","FOOTNOTE1","~{super a} Dose modifications as collected on the AE CRF are presented. Subjects may be counted once for each modification type."
"TSFAE01b","FOOTNOTE2","~{super b} The event experienced by the subject with the worst toxicity is used. Toxicity grade is evaluated according to NCI-CTCAE version &ctcae.."
"TSFAE02","TITLE","Subjects With Treatment-emergent Adverse Events by System Organ Class and Preferred Term; Safety Analysis Set (Study jjcs - core)"
"TSFAE02","FOOTNOTE1","Note: Subjects are counted only once for any given event, regardless of the number of times they actually experienced the event."
"TSFAE02","FOOTNOTE2","Note: Adverse events are coded using MedDRA version 26.0."
"TSFAE02a","TITLE","Subjects With Treatment-emergent Adverse Events by System Organ Class, Preferred Term, and [Subgroup]; Safety Analysis Set (Study jjcs - core)"
"TSFAE02a","FOOTNOTE1","Note: Subjects are counted only once for any given event, regardless of the number of times they actually experienced the event."
"TSFAE02a","FOOTNOTE2","Note: Adverse events are coded using MedDRA version 26.0."
"TSFAE03","TITLE","Subjects With Treatment-emergent Serious Adverse Events by System Organ Class and Preferred Term; Safety Analysis Set (Study jjcs - core)"
"TSFAE03","FOOTNOTE1","Note: Subjects are counted only once for any given event, regardless of the number of times they actually experienced the event."
"TSFAE03","FOOTNOTE2","Note: Adverse events are coded using MedDRA version 26.0."
"TSFAE03a","TITLE","Subjects With Treatment-emergent Serious Adverse Events by System Organ Class, Preferred Term, and [Subgroup]; Safety Analysis Set (Study jjcs - core)"
"TSFAE03a","FOOTNOTE1","Note: Subjects are counted only once for any given event, regardless of the number of times they actually experienced the event."
"TSFAE03a","FOOTNOTE2","Note: Adverse events are coded using MedDRA version 26.0."
"TSFAE04","TITLE","Subjects With Treatment-emergent Adverse Events Leading to Permanent Discontinuation of Study Treatment by System Organ Class and Preferred Term; Safety Analysis Set (Study jjcs - core)"
"TSFAE04","FOOTNOTE1","Note: Subjects are counted only once for any given event, regardless of the number of times they actually experienced the event."
"TSFAE04","FOOTNOTE2","Note: Adverse events are coded using MedDRA version 26.0."
"TSFAE04a","TITLE","Subjects With Treatment-emergent Adverse Events Leading to Permanent Discontinuation of Study Treatment by System Organ Class, Preferred Term, and [Subgroup]; Safety Analysis Set (Study jjcs - core)"
"TSFAE04a","FOOTNOTE1","Note: Subjects are counted only once for any given event, regardless of the number of times they actually experienced the event."
"TSFAE04a","FOOTNOTE2","Note: Adverse events are coded using MedDRA version 26.0."
"TSFAE05","TITLE","Subjects With Treatment-emergent Related Adverse Events by System Organ Class and Preferred Term; Safety Analysis Set (Study jjcs - core)"
"TSFAE05","FOOTNOTE1","Note: Subjects are counted only once for any given event, regardless of the number of times they actually experienced the event."
"TSFAE05","FOOTNOTE2","Note: Adverse events are coded using MedDRA version 26.0."
"TSFAE05a","TITLE","Subjects With Treatment-emergent Related Adverse Events by System Organ Class, Preferred Term, and [Subgroup]; Safety Analysis Set (Study jjcs - core)"
"TSFAE05a","FOOTNOTE1","Note: Subjects are counted only once for any given event, regardless of the number of times they actually experienced the event."
"TSFAE05a","FOOTNOTE2","Note: Adverse events are coded using MedDRA version 26.0."
"TSFAE06a","TITLE","Subjects With Treatment-emergent Adverse Events With Frequency =[5]% in [Any Treatment Group] by Preferred Term; Safety Analysis Set (Study jjcs - core)"
"TSFAE06a","FOOTNOTE1","Note: Subjects are counted only once for any given event, regardless of the number of times they actually experienced the event."
"TSFAE06a","FOOTNOTE2","Note: Adverse events are coded using MedDRA version 26.0."
"TSFAE06b","TITLE","Subjects With Treatment-emergent Adverse Events With Frequency =[5]% in [Drug-treated] Group and =[2]% More Often in [Drug-treated] Group Than [Placebo-treated] Group by Preferred Term; Safety Analysis Set (Study jjcs - core)"
"TSFAE06b","FOOTNOTE1","Note: Subjects are counted only once for any given event, regardless of the number of times they actually experienced the event."
"TSFAE06b","FOOTNOTE2","Note: Adverse events are coded using MedDRA version 26.0."
"TSFAE07a","TITLE","Subjects With Treatment-emergent Adverse Events of Special Interest - [AESI Grouping]; Safety Analysis Set (Study jjcs - core)"
"TSFAE07a","FOOTNOTE1","~{super a} As determined by investigator."
"TSFAE07a","FOOTNOTE2","~{super b} Relevant laboratory results for AESI evaluation."
"TSFAE07a","FOOTNOTE3","Note: Subjects are counted only once for any given event, regardless of the number of times they actually experienced the event."
"TSFAE07a","FOOTNOTE4","Note: Adverse events are coded using MedDRA version 26.0."
"TSFAE07b","TITLE","Subjects With Treatment-emergent Adverse Events of Special Interest - [AESI Grouping]; Safety Analysis Set (Study jjcs - core)"
"TSFAE07b","FOOTNOTE1","~{super a} As determined by investigator."
"TSFAE07b","FOOTNOTE2","~{super b} Relevant laboratory results for AESI evaluation."
"TSFAE07b","FOOTNOTE3","Note: Subjects are counted only once for any given event, regardless of the number of times they actually experienced the event."
"TSFAE07b","FOOTNOTE4","Note: Adverse events are coded using MedDRA version 26.0; toxicity grade is evaluated according to NCI-CTCAE version &ctcae.."
"TSFAE08","TITLE","Subjects With Treatment-emergent Adverse Events (Excluding Serious Adverse Events) With Frequency =[5]% in [Any Treatment Group] by System Organ Class and Preferred Term; Safety Analysis Set (Study jjcs - core)"
"TSFAE08","FOOTNOTE1","Note: Subjects are counted only once for any given event, regardless of the number of times they actually experienced the event."
"TSFAE08","FOOTNOTE2","Note: Adverse events are coded using MedDRA version 26.0."
"TSFAE09","TITLE","Subjects With Treatment-emergent Adverse Events by System Organ Class; Safety Analysis Set (Study jjcs - core)"
"TSFAE09","FOOTNOTE1","Note: Subjects are counted only once for any given SOC, regardless of the number of times they actually experienced an event within the SOC."
"TSFAE09","FOOTNOTE2","Note: Adverse events are coded using MedDRA version 26.0."
"TSFAE10","TITLE","Subjects With Treatment-emergent Related Adverse Events With Frequency =[X]% in [Any Treatment Group] by Preferred Term; Safety Analysis Set (Study jjcs - core)"
"TSFAE10","FOOTNOTE1","Note: Subjects are counted only once for any given event, regardless of the number of times they actually experienced the event."
"TSFAE10","FOOTNOTE2","Note: Adverse events are coded using MedDRA version 26.0."
"TSFAE11","TITLE","Subjects With Treatment-emergent Adverse Events With Frequency =[x]% in [Any Treatment Group] by System Organ Class and Preferred Term; Safety Analysis Set (Study jjcs - core)"
"TSFAE11","FOOTNOTE1","Note: Subjects are counted only once for any given event, regardless of the number of times they actually experienced the event."
"TSFAE11","FOOTNOTE2","Note: Adverse events are coded using MedDRA version 26.0."
"TSFAE12","TITLE","Subjects With Treatment-emergent Adverse Events Leading to [Dose Modification of Study Treatment] by System Organ Class and Preferred Term; Safety Analysis Set (Study jjcs - core)"
"TSFAE12","FOOTNOTE1","Note: Subjects are counted only once for any given event, regardless of the number of times they actually experienced the event."
"TSFAE12","FOOTNOTE2","Note: Adverse events are coded using MedDRA version 26.0."
"TSFAE13","TITLE","Exposure-adjusted Incidence Rate Analysis by Preferred Term; Safety Analysis Set (Study jjcs - core)"
"TSFAE13","FOOTNOTE1","Key: EAIR=exposure-adjusted incidence rate, SY=subject years"
"TSFAE13","FOOTNOTE2","~{super a} Subject years is the sum of all exposures per treatment group."
"TSFAE13","FOOTNOTE3","Note: EAIR is defined for each event as the number or subjects with an event divided by the sum of the at-risk exposure time. At-risk exposure time is calculated from [Day 1 to first onset of a specified event; for subjects with no event, it is the time from Day 1 to treatment discontinuation /completion date]."
"TSFAE13","FOOTNOTE4","Note: Adverse events are coded using MedDRA version 26.0."
"TSFAE14","TITLE","Subjects With Treatment-emergent Serious Adverse Events by System Organ Class and FDA Medical Query (Narrow); Safety Analysis Set (Study jjcs - core)"
"TSFAE14","FOOTNOTE1","Key: FMQ=FDA Medical Query"
"TSFAE14","FOOTNOTE2","~{super a} Each FMQ is aligned to a single system organ class based on clinical judgment, as defined by FDA. However, some FMQs may contain preferred terms from more than one system organ class."
"TSFAE15","TITLE","Subjects With Treatment-emergent Adverse Events Leading to Discontinuation of Study Treatment  by System Organ Class and FDA Medical Query (Narrow); Safety Analysis Set (Study jjcs - core)"
"TSFAE15","FOOTNOTE1","Key: FMQ=FDA Medical Query"
"TSFAE15","FOOTNOTE2","~{super a} Each FMQ is aligned to a single system organ class based on clinical judgment, as defined by FDA. However, some FMQs may contain preferred terms from more than one system organ class."
"TSFAE16","TITLE","Subjects With Treatment-emergent Adverse Events by System Organ Class and FDA Medical Query (Broad and Narrow); Safety Analysis Set (Study jjcs - core)"
"TSFAE16","FOOTNOTE1","Key: FMQ=FDA Medical Query"
"TSFAE16","FOOTNOTE2","~{super a} Each FMQ is aligned to a single system organ class based on clinical judgment, as defined by FDA. However, some FMQs may contain preferred terms from more than one system organ class."
"TSFAE16","FOOTNOTE3","Note: Adverse events are coded using MedDRA version 26.0."
"TSFAE17a","TITLE","Subjects With Treatment-emergent Serious Adverse Events by System Organ Class, FDA Medical Query (Narrow) and Preferred Term; Safety Analysis Set (Study jjcs - core)"
"TSFAE17a","FOOTNOTE1","Key: FMQ=FDA Medical Query"
"TSFAE17a","FOOTNOTE2","~{super a} Each FMQ is aligned to a single system organ class based on clinical judgment, as defined by FDA. However, some FMQs may contain preferred terms from more than one system organ class. Preferred terms that are not included in any FMQ are not summarized."
"TSFAE17a","FOOTNOTE3","Note: Adverse events are coded using MedDRA version 26.0."
"TSFAE17b","TITLE","Subjects With Treatment-emergent Adverse Events Leading to Discontinuation of Study Treatment by System Organ Class, FDA Medical Query (Narrow) and Preferred Term; Safety Analysis Set (Study jjcs - core)"
"TSFAE17b","FOOTNOTE1","Key: FMQ=FDA Medical Query"
"TSFAE17b","FOOTNOTE2","~{super a} Each FMQ is aligned to a single system organ class based on clinical judgment, as defined by FDA. However, some FMQs may contain preferred terms from more than one system organ class. Preferred terms that are not included in any FMQ are not summarized."
"TSFAE17b","FOOTNOTE3","Note: Adverse events are coded using MedDRA version 26.0."
"TSFAE17c","TITLE","Subjects With Treatment-emergent Adverse Events by System Organ Class, FDA Medical Query (Narrow) and Preferred Term; Safety Analysis Set (Study jjcs - core)"
"TSFAE17c","FOOTNOTE1","Key: FMQ=FDA Medical Query"
"TSFAE17c","FOOTNOTE2","~{super a} Each FMQ is aligned to a single system organ class based on clinical judgment, as defined by FDA. However, some FMQs may contain preferred terms from more than one system organ class. Preferred terms that are not included in any FMQ are not summarized."
"TSFAE17c","FOOTNOTE3","Note: Adverse events are coded using MedDRA version 26.0."
"TSFAE17d","TITLE","Subjects With Treatment-emergent Adverse Events by System Organ Class, FDA Medical Query (Broad) and Preferred Term; Safety Analysis Set (Study jjcs - core)"
"TSFAE17d","FOOTNOTE1","Key: FMQ=FDA Medical Query"
"TSFAE17d","FOOTNOTE2","~{super a} Each FMQ is aligned to a single system organ class based on clinical judgment, as defined by FDA. However, some FMQs may contain preferred terms from more than one system organ class. Preferred terms that are not included in any FMQ are not summarized."
"TSFAE17d","FOOTNOTE3","Note: Adverse events are coded using MedDRA version 26.0."
"TSFAE18a","TITLE","Subjects With Algorithmic FDA Medical Query; Safety Analysis Set (Study jjcs - core)"
"TSFAE18a","FOOTNOTE1","Key: FMQ=FDA Medical Query"
"TSFAE18b","TITLE","Subjects With Treatment-emergent Rhabdomyolysis and Other Muscle Injury Algorithmic FDA Medical Query; Safety Analysis Set (Study jjcs - core)"
"TSFAE18b","FOOTNOTE1","Key: CPK=creatine phosphokinase, CPK-MB=creatine phosphokinase-MB (an enzyme present in the cardiac muscle), FMQ=FDA Medical Query"
"TSFAE18b","FOOTNOTE2","~{super a} No CPK-MB/CPK >0.05 within 3 days nor CPK >ULN at baseline."
"TSFAE18b","FOOTNOTE3","~{super b} [PT myalgia + PT muscular weakness + (PT myoglobin urine present or PT chromaturia)] within 7 days."
"TSFAE18c","TITLE","Subjects With Treatment-emergent Hypoglycemia Algorithmic FDA Medical Query; Safety Analysis Set (Study jjcs - core)"
"TSFAE18c","FOOTNOTE1","Key: FMQ=FDA Medical Query"
"TSFAE18c","FOOTNOTE2","~{super a} Includes any Hypoglycemia FMQ broad term that is not a Hypoglycemia FMQ narrow term or any of the following supplemental terms: accident, anxiety, asthenia, balance disorder, cold sweat, coma, confusional state, coordination abnormal, dysarthria, fall, fatigue, headache, hunger, hyperhidrosis, irritability, loss of consciousness, palpitations, road traffic accident, seizure, tremor, vision blurred, and visual impairment."
"TSFAE18c","FOOTNOTE3","~{super b} Hypoglycemia term and plasma glucose level must occur within 7 days of each other."
"TSFAE18d","TITLE","Subjects With Treatment-emergent Hyperglycemia Algorithmic FDA Medical Query; Safety Analysis Set (Study jjcs - core)"
"TSFAE18d","FOOTNOTE1","Key: FMQ=FDA Medical Query"
"TSFAE18e","TITLE","Subjects With Treatment-emergent Hypersensitivity Algorithmic FDA Medical Query; Safety Analysis Set (Study jjcs - core)"
"TSFAE18e","FOOTNOTE1","Key: FMQ=FDA Medical Query"
"TSFAE18e","FOOTNOTE2","~{super a} Combinations of events must occur within 7 days of each other to qualify."
"TSFAE19a","TITLE","Subjects With Treatment-emergent Adverse Events by Male-specific FDA Medical Query (Narrow) and Preferred Term; Male-specific Safety Analysis Set (Study jjcs - core)"
"TSFAE19a","FOOTNOTE1","Key: FMQ=FDA Medical Query"
"TSFAE19a","FOOTNOTE2","Note: Adverse events are coded using MedDRA version 26.0."
"TSFAE19b","TITLE","Subjects With Treatment-emergent Adverse Events by Male-specific FDA Medical Query (Broad) and Preferred Term; Male-specific Safety Analysis Set (Study jjcs - core)"
"TSFAE19b","FOOTNOTE1","Key: FMQ=FDA Medical Query"
"TSFAE19b","FOOTNOTE2","Note: Adverse events are coded using MedDRA version 26.0."
"TSFAE19c","TITLE","Subjects With Treatment-emergent Adverse Events by Female-specific FDA Medical Query (Narrow) and Preferred Term; Female-specific Safety Analysis Set (Study jjcs - core)"
"TSFAE19c","FOOTNOTE1","Key: FMQ=FDA Medical Query"
"TSFAE19c","FOOTNOTE2","Note: Adverse events are coded using MedDRA version 26.0."
"TSFAE19d","TITLE","Subjects With Treatment-emergent Adverse Events by Female-specific FDA Medical Query (Broad) and Preferred Term; Female-specific Safety Analysis Set (Study jjcs - core)"
"TSFAE19d","FOOTNOTE1","Key: FMQ=FDA Medical Query"
"TSFAE19d","FOOTNOTE2","Note: Adverse events are coded using MedDRA version 26.0."
"TSFAE20a","TITLE","Demographic Characteristics for Subjects With Treatment-emergent Adverse Events; Safety Analysis Set (Study jjcs - core)"
"TSFAE20a","FOOTNOTE1","Note:  n=number of subjects with at least one event, Ns=total number of subjects for each specific subgroup"
"TSFAE20b","TITLE","Demographic Characteristics for Subjects With Serious Treatment-emergent Adverse Events; Safety Analysis Set (Study jjcs - core)"
"TSFAE20b","FOOTNOTE1","Note:  n=number of subjects with at least one event, Ns=total number of subjects for each specific subgroup"
"TSFAE20c","TITLE","Demographic Characteristics for Subjects With Treatment-emergent Adverse Events - [FDA Medical Query of Interest / Preferred Term of Interest]; Safety Analysis Set (Study jjcs - core)"
"TSFAE20c","FOOTNOTE1","Note:  n=number of subjects with at least one event, Ns=total number of subjects for each specific subgroup"
"TSFAE21a","TITLE","Subjects With Treatment-emergent Adverse Events by System Organ Class, Preferred Term, and Severity; Safety Analysis Set (Study jjcs - core)"
"TSFAE21a","FOOTNOTE1","Note:  Subjects are counted only once for any given event, regardless of the number of times they actually experienced the event. The event experienced by the subject with the worst severity is used. If a subject has missing severity for a specific adverse event, the subject is only counted in the total column for that adverse event."
"TSFAE21a","FOOTNOTE2","Note: Adverse events are coded using MedDRA version 26.0."
"TSFAE21b","TITLE","Subjects With Treatment-emergent Adverse Events by System Organ Class, Preferred Term, and Toxicity Grade; Safety Analysis Set (Study jjcs - core)"
"TSFAE21b","FOOTNOTE1","Note: Subjects are counted only once for any given event, regardless of the number of times they actually experienced the event. The event experienced by the subject with the worst toxicity is used. If a subject has missing toxicity for a specific adverse event, the subject is only counted in the total column for that adverse event."
"TSFAE21b","FOOTNOTE2","Note: Adverse events are coded using MedDRA version 26.0; toxicity grade is evaluated according to NCI-CTCAE version &ctcae.."
"TSFAE21c","TITLE","Subjects With Treatment-emergent Adverse Events by System Organ Class, Preferred Term, and Severity; Safety Analysis Set (Study jjcs - core)"
"TSFAE21c","FOOTNOTE1","Note:  Subjects are counted only once for any given event, regardless of the number of times they actually experienced the event. The event experienced by the subject with the worst severity is used."
"TSFAE21c","FOOTNOTE2","Note: Adverse events are coded using MedDRA version 26.0."
"TSFAE21d","TITLE","Subjects With Treatment-emergent Adverse Events by System Organ Class, Preferred Term, and Toxicity Grade; Safety Analysis Set (Study jjcs - core)"
"TSFAE21d","FOOTNOTE1","Note: Subjects are counted only once for any given event, regardless of the number of times they actually experienced the event. The event experienced by the subject with the worst toxicity is used."
"TSFAE21d","FOOTNOTE2","Note: Adverse events are coded using MedDRA version 26.0; toxicity grade is evaluated according to NCI-CTCAE version &ctcae.."
"TSFAE22a","TITLE","Subjects With Treatment-emergent Adverse Events by System Organ Class, Preferred Term, and Race; Safety Analysis Set (Study jjcs - core)"
"TSFAE22a","FOOTNOTE1","Note: Subjects whose race was unknown or not reported are excluded from the summary."
"TSFAE22a","FOOTNOTE2","Note: Subjects are counted only once for any given event, regardless of the number of times they actually experienced the event."
"TSFAE22a","FOOTNOTE3","Note: Adverse events are coded using MedDRA version 26.0."
"TSFAE22b","TITLE","Subjects With Treatment-emergent Adverse Events by System Organ Class, Preferred Term, and Sex; Safety Analysis Set (Study jjcs - core)"
"TSFAE22b","FOOTNOTE1","Note: Subjects are counted only once for any given event, regardless of the number of times they actually experienced the event."
"TSFAE22b","FOOTNOTE2","Note: Adverse events are coded using MedDRA version 26.0."
"TSFAE22c","TITLE","Subjects With Treatment-emergent Adverse Events by System Organ Class, Preferred Term, and Age; Safety Analysis Set (Study jjcs - core)"
"TSFAE22c","FOOTNOTE1","Note: Subjects are counted only once for any given event, regardless of the number of times they actually experienced the event."
"TSFAE22c","FOOTNOTE2","Note: Adverse events are coded using MedDRA version 26.0."
"GSFAE01","TITLE","Subjects With Treatment-emergent Adverse Events by System Organ Class; Safety Analysis Set (Study jjcs - core)"
"GSFAE02","TITLE","Time to Adverse Events Leading to Permanent Discontinuation of Study Treatment; Safety Analysis Set (Study jjcs - core)"
"GSFAE03","TITLE","Subjects With Treatment-emergent Adverse Events With Frequency =[x]% in [Any Treatment Group] by FDA Medical Query (Narrow); Safety Analysis Set (Study jjcs - core)"
"LSFAE01","TITLE","Listing of Treatment-emergent Adverse Events; Safety Analysis Set (Study jjcs - core)"
"LSFAE01","FOOTNOTE1","Key: *=imputed date, day, or duration"
"LSFAE01","FOOTNOTE2","~{super a} Study day of last administration of [study treatment] prior to or on AE start date."
"LSFAE01","FOOTNOTE3","~{super b} Study day is relative to [the start of [study treatment]]."
"LSFAE01","FOOTNOTE4","~{super c} Relationship is assessed by the investigator."
"LSFAE01","FOOTNOTE5","Note: Adverse events are coded using MedDRA version 26.0~{optional ; toxicity grade is evaluated according to NCI-CTCAE version &ctcae.}."
"LSFAE02","TITLE","Listing of Treatment-emergent Serious Adverse Events; Safety Analysis Set (Study jjcs - core)"
"LSFAE02","FOOTNOTE1","Key: *=imputed date, day, or duration"
"LSFAE02","FOOTNOTE2","~{super a} Study day of last administration of [study treatment] prior to or on AE start date."
"LSFAE02","FOOTNOTE3","~{super b} Study day is relative to [the start of [study treatment]]."
"LSFAE02","FOOTNOTE4","~{super c} Relationship is assessed by the investigator."
"LSFAE02","FOOTNOTE5","Note: Adverse events are coded using MedDRA version 26.0~{optional ; toxicity grade is evaluated according to NCI-CTCAE version &ctcae.}."
"LSFAE03","TITLE","Listing of Treatment-emergent Adverse Events Leading to Permanent Discontinuation of Study Treatment; Safety Analysis Set (Study jjcs - core)"
"LSFAE03","FOOTNOTE1","Key: *=imputed date, day, or duration"
"LSFAE03","FOOTNOTE2","~{super a} Study day of last administration of [study treatment] prior to or on AE start date."
"LSFAE03","FOOTNOTE3","~{super b} Study day is relative to [the start of [study treatment]]."
"LSFAE03","FOOTNOTE4","~{super c} Relationship is assessed by the investigator."
"LSFAE03","FOOTNOTE5","Note: Adverse events are coded using MedDRA version 26.0~{optional ; toxicity grade is evaluated according to NCI-CTCAE version &ctcae.}."
"LSFAE04","TITLE","Listing of Adverse Events Leading to Death; Safety Analysis Set (Study jjcs - core)"
"LSFAE04","FOOTNOTE1","Key: *=imputed date, day, or duration"
"LSFAE04","FOOTNOTE2","~{super a} Study day of last administration of [study treatment] prior to or on AE start date."
"LSFAE04","FOOTNOTE3","~{super b} Study day is relative to [the start of [study treatment]]."
"LSFAE04","FOOTNOTE4","~{super c} Relationship is assessed by the investigator."
"LSFAE04","FOOTNOTE5","Note: Adverse events are coded using MedDRA version 26.0~{optional ; toxicity grade is evaluated according to NCI-CTCAE version &ctcae.}."
"LSFAE05","TITLE","Listing of Treatment-emergent Adverse Events of Special Interest [- Specify AESI Grouping]; Safety Analysis Set (Study jjcs - core)"
"LSFAE05","FOOTNOTE1","Key: *=imputed date, day, or duration"
"LSFAE05","FOOTNOTE2","~{super a} Study day of last administration of [study treatment] prior to or on AE start date."
"LSFAE05","FOOTNOTE3","~{super b} Study day is relative to [the start of [study treatment]]."
"LSFAE05","FOOTNOTE4","~{super c} Relationship is assessed by the investigator."
"LSFAE05","FOOTNOTE5","Note: Adverse events are coded using MedDRA version 26.0~{optional ; toxicity grade is evaluated according to NCI-CTCAE version &ctcae.}."
"LSFAE06a","TITLE","Selected [Narrow / Broad] FDA Medical Queries; Safety Analysis Set (Study jjcs - core)"
"LSFAE06a","FOOTNOTE1","Key: FMQ=FDA Medical Query"
"LSFAE06a","FOOTNOTE2","~{super a} Study day is relative to [the start of [study treatment]]."
"LSFAE06a","FOOTNOTE3","Note: Adverse events are coded using MedDRA version 26.0."
"LSFAE06b","TITLE","Selected [Narrow / Broad] FDA Medical Queries; Safety Analysis Set (Study jjcs - core)"
"LSFAE06b","FOOTNOTE1","Key: FMQ=FDA Medical Query"
"LSFAE06b","FOOTNOTE2","~{super a} Study day is relative to [the start of [study treatment]]."
"LSFAE06b","FOOTNOTE3","Note: Adverse events are coded using MedDRA version 26.0; toxicity grade is evaluated according to NCI-CTCAE version &ctcae.."
"TSFAE23a","TITLE","Subjects With Related Treatment-emergent Serious Adverse Events by Preferred Term; Safety Analysis Set (Study jjcs - core)"
"TSFAE23a","FOOTNOTE1","Note: An AE is assessed by the investigator as related. Subjects are counted only once for any given event, regardless of the number of times they actually experienced the event."
"TSFAE23a","FOOTNOTE2","Note: Adverse events are coded using MedDRA version 26.0."
"TSFAE23b","TITLE","Subjects With Related Fatal Treatment-emergent Adverse Events by Preferred Term; Safety Analysis Set (Study jjcs - core)"
"TSFAE23b","FOOTNOTE1","Note: An AE is assessed by the investigator as related. Fatal AEs are based on AE outcome of Fatal. Subjects are counted only once for any given event, regardless of the number of times they actually experienced the event."
"TSFAE23b","FOOTNOTE2","Note: Adverse events are coded using MedDRA version 26.0."
"TSFAE23c","TITLE","Subjects With Related Treatment-emergent Adverse Events Leading to Discontinuation of Study Treatment by Preferred Term; Safety Analysis Set (Study jjcs - core)"
"TSFAE23c","FOOTNOTE1","Note: An AE is assessed by the investigator as related. Subjects are counted only once for any given event, regardless of the number of times they actually experienced the event."
"TSFAE23c","FOOTNOTE2","Note: Adverse events are coded using MedDRA version 26.0."
"TSFAE23d","TITLE","Subjects With Related Non-serious Treatment-emergent Adverse Events by Preferred Term; Safety Analysis Set (Study jjcs - core)"
"TSFAE23d","FOOTNOTE1","Note: An AE is assessed by the investigator as related. Subjects are counted only once for any given event, regardless of the number of times they actually experienced the event."
"TSFAE23d","FOOTNOTE2","Note: Adverse events are coded using MedDRA version 26.0."
"TSFAE24a","TITLE","Overall Summary of [Treatment-emergent Adverse Events] by Severity; Safety Analysis Set (Study jjcs - core)"
"TSFAE24a","FOOTNOTE1","Note: The worst severity event experienced by the subject is used. If a subject has all adverse events with missing severities, the subject is only counted as missing."
"TSFAE24b","TITLE","Overall Summary of [Treatment-emergent Adverse Events] by Toxicity Grade; Safety Analysis Set (Study jjcs - core)"
"TSFAE24b","FOOTNOTE1","Note: The worst toxicity event experienced by the subject is used. If a subject has all adverse events with missing toxicities, the subject is only counted as missing."
"TSFAE24b","FOOTNOTE2","Note: Toxicity grade is evaluated according to NCI-CTCAE version &ctcae.."
"TSFAE24c","TITLE","Subjects With Treatment-emergent Adverse Events and Related Treatment-emergent Adverse Events by System Organ Class and Preferred Term; Safety Analysis Set (Study jjcs - core)"
"TSFAE24c","FOOTNOTE1","Note: Subjects are counted only once for any given event, regardless of the number of times they actually experienced the event. An AE is assessed by the investigator as related."
"TSFAE24c","FOOTNOTE2","Note: Adverse events are coded using MedDRA version 26.0."
"TSFAE24d","TITLE","Subjects With Treatment-emergent Adverse Events Toxicity Grade =3 With Frequency =[x]% in [Any Treatment Group] by System Organ Class and Preferred Term; Safety Analysis Set (Study jjcs - core)"
"TSFAE24d","FOOTNOTE1","Note: Subjects are counted only once for any given event, regardless of the number of times they actually experienced the event."
"TSFAE24d","FOOTNOTE2","Note: Adverse events are coded using MedDRA version 26.0; toxicity grade is evaluated according to NCI-CTCAE version &ctcae.."
"TSFAE24e","TITLE","Subjects With [Treatment-emergent Adverse Events] With Frequency =[x]% in [Any Treatment Group] by System Organ Class and Preferred Term and First Onset Time; Safety Analysis Set (Study jjcs - core)"
"TSFAE24e","FOOTNOTE1","Note: Subjects are counted only once for any given event, regardless of the number of times they actually experienced the event. The event experienced by the subject with the first onset relative to [the start of [study treatment]] is summarized. If a subject has all adverse events with missing onset date, the subject is only counted in the total column. Percentages are calculated using the number of subjects at each time category as the denominator."
"TSFAE24e","FOOTNOTE2","Note: Adverse events are coded using MedDRA version 26.0."
"TSFAE24f","TITLE","Subjects With [Treatment-emergent Adverse Events] With Frequency =[x]% in [Any Treatment Group] by System Organ Class and Preferred Term and Onset Time; Safety Analysis Set (Study jjcs - core)"
"TSFAE24f","FOOTNOTE1","Note: Subjects are counted only once for any given event within  a time category, regardless of the number of times they actually experienced the event. The event experienced by the subject with the first onset relative to [the start of [study treatment]] is summarized. If a subject has all adverse events with missing onset date, the subject is only counted in the total column. Percentages are calculated using the number of subjects at each time category as the denominator."
"TSFAE24f","FOOTNOTE2","Note: Adverse events are coded using MedDRA version 26.0."
"TSFDTH01","TITLE","Deaths; Safety Analysis Set (Study jjcs - core)"
"TSFDTH01","FOOTNOTE1","Note: Cause of death is coded using MedDRA version 26.0."
"LSFDTH01","TITLE","Listing of Deaths; Safety Analysis Set (Study jjcs - core)"
"LSFDTH01","FOOTNOTE1","~{super a} Duration of treatment is defined as [(date of last dose of [study treatment]– date of first dose of [study treatment]) +1]."
"LSFDTH01","FOOTNOTE2","~{super b} Study day of last dose is defined as date of last dose–[the start of [study treatment]]+1."
"LSFDTH01","FOOTNOTE3","~{super c} Days from last [study treatment] administration to death=date of death–date of last dose of [study treatment]."
"LSFDTH01","FOOTNOTE4","~{super d} Study day of death is defined as: date of death–[the start of [study treatment]+1."
"LSFDTH01","FOOTNOTE5","Note: Cause of death is coded using MedDRA version 26.0."
"TSFLAB01","TITLE","Mean Change From Baseline for [Laboratory Category] Laboratory Data Over Time; Safety Analysis Set (Study jjcs - core)"
"TSFLAB01a","TITLE","Mean Change From Baseline for [Laboratory Category] Laboratory Data Over Time by [Subgroup]; Safety Analysis Set (Study jjcs - core)"
"TSFLAB02","TITLE","Subjects With =1 [Laboratory Category] Laboratory Values With Elevated or Low Values Meeting Specified Levels Based on Worst On-treatment Value; Safety Analysis Set (Study jjcs - core)"
"TSFLAB02","FOOTNOTE1","Note: On-treatment is defined as ~{optional treatment-emergent }laboratory values obtained after the first dose and within [30 days] following treatment discontinuation. [~{optional Treatment-emergent values are those that worsened from baseline.}]"
"TSFLAB02","FOOTNOTE2","Note: Subjects are counted once per laboratory test category (ie, low, high) based on the worst categorization."
"TSFLAB02a","TITLE","Subjects With =1 [Laboratory Category] Laboratory Values With Elevated or Low Values Meeting Specified Levels Based on Worst On-treatment Value by [Subgroup]; Safety Analysis Set (Study jjcs - core)"
"TSFLAB02a","FOOTNOTE1","Note: On-treatment is defined as ~{optional treatment-emergent} laboratory values obtained after the first dose and within [30 days] following treatment discontinuation. [~{optional Treatment-emergent values are those that worsened from baseline.}]"
"TSFLAB02a","FOOTNOTE2","Note: Subjects are counted once per laboratory test category (ie, low, high) based on the worst categorization."
"TSFLAB02b","TITLE","Subjects With [Laboratory Category] Laboratory Values With Elevated or Low Values Meeting Specified Levels Over Time; Safety Analysis Set (Study jjcs - core)"
"TSFLAB02c","TITLE","Subjects With =1 [Treatment-emergent] [Laboratory Category] Laboratory Value Meeting Specified Criteria; Safety Analysis Set (Study jjcs - core)"
"TSFLAB02c","FOOTNOTE1","Note: On-treatment is defined as treatment-emergent laboratory values obtained after the first dose and within [30 days] following treatment discontinuation. [Treatment-emergent values are those that worsened from baseline.]"
"TSFLAB03","TITLE","Subjects With =1 Laboratory Values With Elevated or Low Values Based on Worst On-treatment Value Using NCI-CTCAE Criteria; Safety Analysis Set (Study jjcs - core)"
"TSFLAB03","FOOTNOTE1","Note: On-treatment is defined as ~{optional treatment-emergent }laboratory values obtained after the first dose and within [30 days] following treatment discontinuation. [~{optional Treatment-emergent values are those that worsened from baseline.}]"
"TSFLAB03","FOOTNOTE2","Note: NCI-CTCAE grades (version &ctcae.) are based on the laboratory result and do not take into account the clinical component, if applicable."
"TSFLAB03a","TITLE","Subjects With =1 Laboratory Values With Elevated or Low Values Based on Worst On-treatment Value Using NCI-CTCAE Criteria by [Subgroup]; Safety Analysis Set (Study jjcs - core)"
"TSFLAB03a","FOOTNOTE1","Note: On-treatment is defined as ~{optional treatment-emergent }laboratory values obtained after the first dose and within [30 days] following treatment discontinuation. [~{optional Treatment-emergent values are those that worsened from baseline.}]"
"TSFLAB03a","FOOTNOTE2","Note: NCI-CTCAE grades (version &ctcae.) are based on the laboratory result and do not take into account the clinical component, if applicable."
"TSFLAB04a","TITLE","Subjects With [Last/Any] On-treatment Chemistry Values [= Level 2] Criteria; Safety Analysis Set (Study jjcs - core)"
"TSFLAB04a","FOOTNOTE1","Note: On-treatment is defined as ~{optional treatment-emergent} laboratory values obtained after the first dose and within [30 days] following treatment discontinuation. [~{optional Treatment-emergent values are those that worsened from baseline.}]"
"TSFLAB04b","TITLE","Subjects With [Last/Any] On-treatment Hematology Values [= Level 2] Criteria; Safety Analysis Set (Study jjcs - core)"
"TSFLAB04b","FOOTNOTE1","Note: On-treatment is defined as ~{optional treatment-emergent} laboratory values obtained after the first dose and within [30 days] following treatment discontinuation. [~{optional Treatment-emergent values are those that worsened from baseline.}]"
"TSFLAB05","TITLE","Subjects With [Last/Any] On-treatment Laboratory Values [= Grade 2] Based on NCI-CTCAE Criteria; Safety Analysis Set (Study jjcs - core)"
"TSFLAB05","FOOTNOTE1","Note: On-treatment is defined as ~{optional treatment-emergent }laboratory values obtained after the first dose and within [30 days] following treatment discontinuation. [~{optional Treatment-emergent values are those that worsened from baseline.}]"
"TSFLAB05","FOOTNOTE2","Note: NCI-CTCAE grades (version &ctcae.) are based on the laboratory result and do not take into account the clinical component, if applicable."
"TSFLAB06","TITLE","Shift in [Laboratory Category] Laboratory Values From Baseline to [Time Point]; Safety Analysis Set (Study jjcs - core)"
"TSFLAB06","FOOTNOTE1","Note: N is the number of subjects with non-missing values for the lab test at baseline and [Time Point]."
"TSFLAB07","TITLE","Shift in Laboratory Values From Baseline to Worst Grade [During Time Period] Based on NCI-CTCAE Criteria; Safety Analysis Set (Study jjcs - core)"
"TSFLAB07","FOOTNOTE1","Note: N is the number of subjects with non-missing values for the specific lab test at baseline and at least 1 postbaseline visit within the time period."
"TSFLAB07","FOOTNOTE2","Note: NCI-CTCAE grades (version &ctcae.) are based on the laboratory result and do not take into account the clinical component, if applicable."
"GSFLAB01","TITLE","Mean Change From Baseline for [Laboratory Category] Laboratory Data Over Time; Safety Analysis Set (Study jjcs - core)"
"GSFLAB01","FOOTNOTE1","Note: Results are provided from baseline until [<5 to 10%] of subjects in the analysis set remain in study."
"GSFLAB01a","TITLE","Mean Change From Baseline for [Laboratory Category] Laboratory Data Over Time by [Subgroup]; Safety Analysis Set (Study jjcs - core)"
"GSFLAB01a","FOOTNOTE1","Note: Results are provided from baseline until [<5 to 10%] of subjects in the analysis set remain in study."
"GSFLAB02","TITLE","Median and Interquartile Range for [Laboratory Category / Laboratory Test] Over Time; Safety Analysis Set (Study jjcs - core)"
"GSFLAB02","FOOTNOTE1","Note: Boxes span the interquartile range (25th to 75th percentile); horizontal line=median; whiskers=1.5x the interquartile range; individual outliers are those beyond this range."
"GSFLAB05","TITLE","Proportion of Subjects Remaining With Missing and Existing [Liver Function Laboratory Test] Data Records; Safety Analysis Set (Study jjcs - core)"
"GSFLAB05","FOOTNOTE1","Note: The frequency of laboratory measurements presented is based on actual data collected."
"LSFLAB01","TITLE","Listing of Subjects With [Criteria] Laboratory Values; Safety Analysis Set (Study jjcs - core)"
"LSFLAB01","FOOTNOTE1","Key: [CS=clinically significant]"
"LSFLAB01","FOOTNOTE2","~{super a} Study day is relative to [the start of [study treatment]]."
"TSFVIT01","TITLE","Mean Change From Baseline in Blood Pressure Over Time; Safety Analysis Set (Study jjcs - core)"
"TSFVIT01a","TITLE","Mean Change From Baseline in Blood Pressure Over Time by [Subgroup]; Safety Analysis Set (Study jjcs - core)"
"TSFVIT02","TITLE","Subjects With Maximum On-treatment Systolic Blood Pressure by Category of Blood Pressure; Safety Analysis Set (Study jjcs - core)"
"TSFVIT02","FOOTNOTE1","Note: On-treatment is defined as blood pressure values obtained after the first dose and within [30 days] following treatment discontinuation."
"TSFVIT03","TITLE","Subjects With Maximum On-treatment Diastolic Blood Pressure by Category of Blood Pressure; Safety Analysis Set (Study jjcs - core)"
"TSFVIT03","FOOTNOTE1","Note: On-treatment is defined as blood pressure values obtained after the first dose and within [30 days] following treatment discontinuation."
"TSFVIT04","TITLE","Subjects Meeting Specific On-treatment Hypotension Levels; Safety Analysis Set (Study jjcs - core)"
"TSFVIT04","FOOTNOTE1","Note: On-treatment is defined as blood pressure values obtained after the first dose and within [30 days] following treatment discontinuation."
"TSFVIT05","TITLE","Subjects With On-treatment Clinically Important Vital Signs [Over Time]; Safety Analysis Set (Study jjcs - core)"
"TSFVIT05","FOOTNOTE1","Note: Clinically important vital signs are defined in the Statistical Analysis Plan. N is the number of subjects with at least 1 postbaseline value for the specified vital sign parameter."
"TSFVIT05","FOOTNOTE2","Note: On-treatment is defined as values obtained after the first dose and within [30 days] following treatment discontinuation. [~{optional Only treatment-emergent values (those that worsened from baseline) are presented.}]"
"TSFVIT06","TITLE","Subjects With Treatment-emergent Orthostatic Hypotension During [Treatment Period]; Safety Analysis Set (Study jjcs - core)"
"TSFVIT06","FOOTNOTE1","Key: STD=standing, SUP=supine"
"TSFVIT06","FOOTNOTE2","Note: N is the number of subjects with postbaseline orthostatic measurements and without orthostatic hypotension at baseline. N includes subjects with missing baseline evaluation. Orthostatic hypotension is defined as an absolute decrease in systolic (>20 mmHg) or diastolic (>10 mmHg) blood pressure after standing for at least 2 minutes relative to supine position."
"GSFVIT01","TITLE","Mean and 95% Confidence Interval of Blood Pressure Over Time; Safety Analysis Set (Study jjcs - core)"
"GSFVIT01","FOOTNOTE1","Note: Results are provided from baseline until [<5 to 10%] of subjects in the analysis set remain in study."
"GSFVIT01a","TITLE","Mean and 95% Confidence Interval of Blood Pressure Over Time by [Subgroup]; Safety Analysis Set (Study jjcs - core)"
"GSFVIT01a","FOOTNOTE1","Note: Results are provided from baseline until [<5 to 10%] of subjects in the analysis set remain in study."
"GSFVIT02","TITLE","Median and Interquartile Range of [Vital Sign Parameter] Over Time; Safety Analysis Set (Study jjcs - core)"
"GSFVIT02","FOOTNOTE1","Note: Boxes span the interquartile range (25th to 75th percentile); horizontal line=median; whiskers=1.5x the interquartile range; individual outliers are those beyond this range."
"GSFVIT03","TITLE","Baseline vs. Maximum On-treatment [Vital Sign Parameter]; Safety Analysis Set (Study jjcs - core)"
"GSFVIT03","FOOTNOTE1","Note: On-treatment is defined as ~{optional treatment-emergent }[blood pressure] values obtained after the first dose and within [30 days] following treatment discontinuation. [~{optional Treatment-emergent values are those that worsened from baseline.}]"
"GSFVIT03","FOOTNOTE2","Note: Dotted line in diagonal=no increase; other dash and/or solid lines = linear regression"
"GSFVIT04","TITLE","Baseline vs. Minimum On-treatment [Vital Sign Parameter]; Safety Analysis Set (Study jjcs - core)"
"GSFVIT04","FOOTNOTE1","Note: On-treatment is defined as ~{optional treatment-emergent }[blood pressure] values obtained after the first dose and within [30 days] following treatment discontinuation. [~{optional Treatment-emergent values are those that worsened from baseline.}]"
"GSFVIT04","FOOTNOTE2","Note: Dotted line in diagonal=no increase; other dash and/or solid lines = linear regression"
"GSFVIT05","TITLE","Proportion of Subjects Remaining With Missing and Existing [Vital Sign Parameter] Data Records; Safety Analysis Set (Study jjcs - core)"
"GSFVIT05","FOOTNOTE1","Note: The frequency of vital sign measurements presented is based on actual data collected."
"LSFVIT01","TITLE","Listing of Subjects With Clinically Important Vital Signs; Safety Analysis Set (Study jjcs - core)"
"LSFVIT01","FOOTNOTE1","~{super a} Study day is relative to [the start of [study treatment]]."
"LSFVIT02","TITLE","Listing of Vital Signs; Safety Analysis Set (Study jjcs - core)"
"LSFVIT02","FOOTNOTE1","~{super a} Study day is relative to [the start of [study treatment]]."
"TSFECG01","TITLE","Mean Change From Baseline for ECG Data Over Time; Safety Analysis Set (Study jjcs - core)"
"TSFECG01a","TITLE","Mean Change From Baseline for ECG Data Over Time by [Subgroup]; Safety Analysis Set (Study jjcs - core)"
"TSFECG02","TITLE","Categorized Corrected QT Interval Values Over Time; Safety Analysis Set (Study jjcs - core)"
"TSFECG02","FOOTNOTE1","Note: N is the number of subjects with a non-missing value for the ECG parameter at the specified time point."
"TSFECG03","TITLE","Categorized Change From Baseline to Maximum On-treatment Corrected QT Interval; Safety Analysis Set (Study jjcs - core)"
"TSFECG03","FOOTNOTE1","Note: On-treatment is defined as QTc interval values obtained after the first dose and within [30 days] following treatment discontinuation."
"TSFECG03","FOOTNOTE2","Note: N is the number of subjects with at least 1 non-missing change from baseline value for the ECG parameter over the specified time period."
"TSFECG04","TITLE","Shift From Baseline to Maximum On-treatment Corrected QT Interval; Safety Analysis Set (Study jjcs - core)"
"TSFECG04","FOOTNOTE1","Note: On-treatment is defined as QTc interval values obtained after the first dose and within [30 days] following treatment discontinuation."
"TSFECG04","FOOTNOTE2","Note: N is the number of subjects with non-missing values for the ECG parameter at baseline and at least 1 postbaseline visit."
"TSFECG05","TITLE","Subjects With ECG Values Outside Specified Limits Based on On-treatment Value and Over Time; Safety Analysis Set (Study jjcs - core)"
"TSFECG05","FOOTNOTE1","Note: On-treatment is defined as ~{optional treatment-emergent }ECG values obtained after the first dose and within [30 days] following treatment discontinuation. [~{optional Treatment-emergent values are those that worsened from baseline.}]"
"TSFECG05","FOOTNOTE2","Note: Specified limits are defined in the Statistical Analysis Plan. N is the number of subjects with at least 1 postbaseline value for the specified ECG parameter."
"GSFECG01","TITLE","[Mean/Mean Change] and 95% Confidence Interval of ECG Parameters Over Time; Safety Analysis Set (Study jjcs - core)"
"GSFECG01","FOOTNOTE1","Note: Results are provided from baseline until [<5 to 10%] of subjects in the analysis set remain in study."
"LSFECG01","TITLE","Listing of Subjects With [Criteria] ECG Values; Safety Analysis Set (Study jjcs - core)"
"LSFECG01","FOOTNOTE1","~{super a} Study day is relative to [the start of [study treatment]]."
"LSFECG02","TITLE","Listing of ECG Values; Safety Analysis Set (Study jjcs - core)"
"LSFECG02","FOOTNOTE1","~{super a} Study day is relative to [the start of [study treatment]]."
"TPK01a","TITLE","[Matrix] [Active Study Agent/Analyte] Concentrations ([units]) Over Time; Pharmacokinetics Analysis Set (Study jjcs - core)"
"TPK01a","FOOTNOTE1","Note: Incongruous samples are not included in this summary."
"TPK01a","FOOTNOTE2","Note: Concentrations below the lowest quantifiable concentration (ie, [x.xx ng/mL]) will be treated as zero in calculating the summary statistics."
"TPK01b","TITLE","[Matrix] [Active Study Agent/Analyte] Concentrations ([units]) Over Time; Pharmacokinetics Analysis Set (Study jjcs - core)"
"TPK01b","FOOTNOTE1","Note: Incongruous samples are not included in this summary."
"TPK01b","FOOTNOTE2","Note: Concentrations below the lowest quantifiable concentration (ie, [xx.x ng/mL]) will be treated as zero in calculating the summary statistics."
"TPK02","TITLE","[Matrix] [Active Study Agent/Analyte] Concentrations ([units]) Over Time by [Body Weight] [Quartiles]; Pharmacokinetics Analysis Set (Study jjcs - core)"
"TPK02","FOOTNOTE1","Note: Incongruous samples are not included in this summary."
"TPK02","FOOTNOTE2","Note: Concentrations below the lowest quantifiable concentration (ie, [x.xx ng/mL]) will be treated as zero in calculating the summary statistics."
"TPK03","TITLE","Subjects With [Matrix] [Active Study Agent/Analyte] Concentrations Below the Lowest Quantification Level ([LLOQ/LLOQxMRD and units]) Over Time; Pharmacokinetics Analysis Set (Study jjcs - core)"
"TPK03","FOOTNOTE1","Key: MRD=minimum required dilution"
"TPK04","TITLE","[Efficacy Endpoint] Response at [Time Point] by [Matrix] [Active Study Agent/Analyte] Concentrations ([units]); Full Analysis Set (Study jjcs - core)"
"GPK01","TITLE","Mean and [95% Confidence Interval/Standard Deviation] of [Matrix] [Active Study Agent/Analyte] Concentrations ([units]) Over Time; Pharmacokinetics Analysis Set (Study jjcs - core)"
"GPK01","FOOTNOTE1","Note: At each time point, the error bars are mean +/-[1.96*standard error (95% CI)/SD]."
"GPK01","FOOTNOTE2","Note: Concentration values below LLOQxMRD are considered as 0."
"GPK02","TITLE","Mean and [95% Confidence Interval/Standard Deviation] of [Matrix] [Active Study Agent/Analyte] Concentrations ([units]) Over Time by [Body Weight] [Quartiles]; Pharmacokinetics Analysis Set (Study jjcs - core)"
"GPK02","FOOTNOTE1","Note: At each time point, the error bars are mean +/-[1.96*standard error (95% CI)/SD]."
"GPK02","FOOTNOTE2","Note: Concentration values below LLOQxMRD are considered as 0."
"GPK03","TITLE","Subjects Achieving [Parameter Criteria] at [Time Point] by Trough [Matrix] [Active Study Agent/Analyte] Concentrations; Full Analysis Set (Study jjcs - core)"
"GPK04","TITLE","Median [Interquartile Range] [Trough] [Matrix] [Active Study Agent/Analyte] Concentrations ([units]) Over Time; Pharmacokinetics Analysis Set (Study jjcs - core)"
"GPK04","FOOTNOTE1","Note: Concentration values below LLOQxMRD are considered as 0."
"LPK01","TITLE","Listing of Individual [Matrix] Concentrations of [Active Study Agent/Analyte] ([units]); Pharmacokinetics Analysis Set (Study jjcs - core)"
"LPK01","FOOTNOTE1","Key: MRD=minimum required dilution"
"LPK01","FOOTNOTE2","Note: *=excluded from summary statistics; LLOQxMRD=0.xxx"
"LPK02","TITLE","Listing of Individual [Matrix] Concentrations of [Active Study Agent/Analyte] ([units]) by [Body Weight] [Quartiles]; Pharmacokinetics Analysis Set (Study jjcs - core)"
"LPK02","FOOTNOTE1","Key: MRD=minimum required dilution"
"LPK02","FOOTNOTE2","Note: *=excluded from summary statistics; LLOQxMRD=0.xxx"
"TPKADA01","TITLE","[Matrix] [Active Study Agent] Concentrations ([units]) by Treatment-emergent Antibodies to [Active Study Agent] Status; Pharmacokinetics Analysis Set (Study jjcs - core)"
"TPKADA01","FOOTNOTE1","~{super a} Subjects with evaluable samples had 1 or more postdose samples with sufficient volume to assess the immune responses to [Active Study Agent]."
"TPKADA01","FOOTNOTE2","~{super b} Subjects who presented either treatment-induced, or treatment-boosted immunogenicity status. Subjects with a positive sample at baseline and postdose samples that are negative or that do not present a =4-fold  increase from baseline are categorized as negative for treatment-emergent immune responses."
"TPKADA01","FOOTNOTE3","~{super c} Excludes subjects who were treatment-emergent positive at any time through [Time Point]."
"TPKADA01titer","TITLE","[Matrix] [Active Study Agent] Concentrations ([units]) by Treatment-emergent Antibodies to [Active Study Agent] Status; Pharmacokinetics Analysis Set (Study jjcs - core)"
"TPKADA01titer","FOOTNOTE1","~{super a} Excludes subjects who were treatment-emergent positive at any time through [Time Point]."
"TPKADA01titer","FOOTNOTE2","~{super b} Subjects who presented either treatment-induced, or treatment-boosted immunogenicity status. Subjects with a positive sample at baseline and postdose samples that are negative or that do not present a =4-fold  increase from baseline are categorized as negative for treatment-emergent immune responses."
"TPKADA01titer","FOOTNOTE3","~{super c} Subjects with evaluable samples had 1 or more postdose samples with sufficient volume to assess the immune responses to [Active Study Agent]."
"GPKADA01","TITLE","[Mean/Median] [Matrix] [Active Study Agent] Concentrations ([units]) by Treatment-emergent Antibody Status; Pharmacokinetics Analysis Set (Study jjcs - core)"
"GPKADA01","FOOTNOTE1","Note: Concentration values below LLOQ are considered as 0."
"TIRADA01","TITLE","Treatment-emergent Antibodies to [Active Study Agent] Status; Immunogenicity Analysis Set (Study jjcs - core)"
"TIRADA01","FOOTNOTE1","~{super a} Subjects positive for antibodies to [Active Study Agent] at baseline, regardless of status after first [Active Study Agent] administration."
"TIRADA01","FOOTNOTE2","~{super b} Subjects with a positive baseline result and titers that increased =4-fold at any time postdose."
"TIRADA01","FOOTNOTE3","~{super c} Subjects with a positive baseline result and titers that did not increase =4-fold at any time postdose."
"TIRADA01","FOOTNOTE4","~{super d} Subjects with a negative (or unevaluable) baseline result and at least one positive postdose result."
"TIRADA01","FOOTNOTE5","~{super e} Subjects who presented either treatment-induced or treatment-boosted immunogenicity status. Subjects with a positive sample at baseline and postdose samples that are negative or that do not present a =4-fold  increase from baseline are categorized as negative for treatment-emergent immune responses."
"TIRADA01","FOOTNOTE6","~{super f} Excludes subjects who were treatment-emergent positive at any time through [Time Point]."
"TIRADA02","TITLE","Infusion-related Reactions by Antibodies to [Active Study Agent] Status; Safety Analysis Set (Study jjcs - core)"
"TIRADA02","FOOTNOTE1","~{super a} Subjects with evaluable samples had =1 postdose samples with sufficient volume to assess the immune responses to [Active Study Agent]."
"TIRADA02","FOOTNOTE2","~{super  b} Subjects positive for treatment-emergent antibodies to [Active Study Agent] includes all subjects who presented either treatment-induced, or treatment-boosted immunogenicity status. Subjects with a positive sample at baseline and postdose samples that are negative or that do not present a =4-fold  increase from baseline are categorized as negative for treatment-emergent immune responses."
"TIRADA02","FOOTNOTE3","~{super  c} Excludes subjects who were treatment-emergent positive at any time through [Time Point]."
"TIRADA02","FOOTNOTE4","~{super  d} For subjects negative for antibodies to [Active Study Agent] with infusion-related reactions, the denominator is the number of subjects negative for antibodies to [Active Study Agent]; for subjects positive for antibodies to [Active Study Agent] with infusion-related reactions, the denominator is the number of subjects positive for antibodies to [Active Study Agent]."
"TIRADA02","FOOTNOTE5","~{super  e} Denominator is total number of [Active Study Agent] infusions in the respective columns."
"TIRADA02","FOOTNOTE6","~{super  f} Denominator is total number of placebo infusions in the respective columns."
"TIRADA02titer","TITLE","Infusion-related Reactions by Antibodies to [Active Study Agent] Status; Safety Analysis Set (Study jjcs - core)"
"TIRADA02titer","FOOTNOTE1","~{super a} Excludes subjects who were treatment-emergent positive at any time through [Time Point]."
"TIRADA02titer","FOOTNOTE2","~{super  b} Subjects who presented either treatment-induced or treatment-boosted immunogenicity status. Subjects with a positive sample at baseline and postdose samples that are negative or that do not present a =4-fold  increase from baseline are categorized as negative for treatment-emergent immune responses."
"TIRADA02titer","FOOTNOTE3","~{super c} Subjects with evaluable samples had 1 or more postdose samples with sufficient volume to assess the immune responses to [Active Study Agent]."
"TIRADA02titer","FOOTNOTE4","~{super  d} For subjects negative for antibodies to [Active Study Agent] with infusion-related reactions, the denominator is the number of subjects negative for antibodies to [Active Study Agent]; for subjects positive for antibodies to [Active Study Agent] with infusion-related reactions, the denominator is the number of subjects positive for antibodies to [Active Study Agent]; and for each subject peak titer group with infusion-related reactions, the denominator is the respective number of subjects positive for antibodies to [Active Study Agent] in each subject peak titer group."
"TIRADA02titer","FOOTNOTE5","~{super  e} Denominator is total number of [Active Study Agent] infusions in the respective columns."
"TIRADA02titer","FOOTNOTE6","~{super  f} Denominator is total number of placebo infusions in the respective columns."
"TIRADA03","TITLE","Injection Site Reactions by Antibodies to [Active Study Agent] Status; Safety Analysis Set (Study jjcs - core)"
"TIRADA03","FOOTNOTE1","~{super a} Subjects with evaluable samples had 1 or more postdose samples with sufficient volume to assess the immune responses to [Active Study Agent]."
"TIRADA03","FOOTNOTE2","~{super  b} Subjects positive for treatment-emergent antibodies to [Active Study Agent] includes all subjects who presented either treatment-induced, or treatment-boosted immunogenicity status. Subjects with a positive sample at baseline and postdose samples that are negative or that do not present a =4-fold  increase from baseline are categorized as negative for treatment-emergent immune responses."
"TIRADA03","FOOTNOTE3","~{super  c} Includes all subjects with negative samples at all times through [Time Point] and excludes subjects who were positive at any time through [Time Point ]."
"TIRADA03","FOOTNOTE4","~{super  d} For subjects negative for antibodies to [Active Study Agent] with injection site reactions, the denominator is the number of subjects negative for antibodies to [Active Study Agent]; for subjects positive for antibodies to [Active Study Agent] with injection site reactions, the denominator is the number of subjects positive for antibodies to [Active Study Agent]."
"TIRADA03","FOOTNOTE5","~{super  e} Denominator is total number of [Active Study Agent] injections in the respective columns."
"TIRADA03","FOOTNOTE6","~{super  f} Denominator is total number of placebo injections in the respective columns."
"TIRADA03titer","TITLE","Injection Site Reactions by Antibodies to [Active Study Agent] Status; Safety Analysis Set (Study jjcs - core)"
"TIRADA03titer","FOOTNOTE1","~{super a} Excludes subjects who were positive at any time through [Time Point]."
"TIRADA03titer","FOOTNOTE2","~{super  b} Subjects positive for treatment-emergent antibodies to [Active Study Agent] includes all subjects who were positive (treatment-boosted or treatment-induced) at any time after their first [Active Study Agent] administration through [Time Point]. Subjects with baseline positive samples and without 4-fold increased titer after treatment are not considered treatment-boosted"
"TIRADA03titer","FOOTNOTE3","~{super  c} Subjects with evaluable samples had 1 or more postdose samples with sufficient volume to assess the immune responses to [Active Study Agent]."
"TIRADA03titer","FOOTNOTE4","~{super  d} For subjects negative for antibodies to [Active Study Agent] with injection site reactions, the denominator is the number of subjects negative for antibodies to [Active Study Agent]; for subjects positive for antibodies to [Active Study Agent] with injection site reactions, the denominator is the number of subjects positive for antibodies to [Active Study Agent]; and for each subject peak titer group with injection site reactions, the denominator is the respective number of subjects positive for antibodies to [Active Study Agent] in each subject peak titer group."
"TIRADA03titer","FOOTNOTE5","~{super  e} Denominator is total number of [Active Study Agent] injections in the respective columns."
"TIRADA03titer","FOOTNOTE6","~{super  f} Denominator is total number of placebo injections in the respective columns."
"TIRADA04","TITLE","[Categorical Response] at [Time Point] by Treatment-emergent Antibodies to [Active Study Agent] Status; Full Analysis Set (Study jjcs - core)"
"TIRADA04","FOOTNOTE1","~{super a} Subjects with evaluable samples had 1 or more postdose samples with sufficient volume to assess the immune responses to [Active Study Agent]."
"TIRADA04","FOOTNOTE2","~{super b} Subjects positive for treatment-emergent antibodies to [Active Study Agent] includes all subjects who were positive (treatment-boosted or treatment-induced) at any time after their first [Active Study Agent] administration through [Time Point]. Subjects with baseline positive samples and without 4-fold increased titer after treatment are not considered treatment-boosted."
"TIRADA04","FOOTNOTE3","~{super c} Includes all subjects with negative samples at all times through [Time Point] and excludes subjects who were treatment-emergent positive at any time through [Time Point ]."
"TIRADA04titer","TITLE","[Categorical Response] at [Time Point] by Treatment-emergent Antibodies to [Active Study Agent] Status; Full Analysis Set (Study jjcs - core)"
"TIRADA04titer","FOOTNOTE1","~{super a} Excludes subjects who were positive at any time through [Time Point]."
"TIRADA04titer","FOOTNOTE2","~{super b} Subjects positive for treatment-emergent antibodies to [Active Study Agent] includes all subjects who were positive (treatment-boosted or treatment-induced) at any time after their first [Active Study Agent] administration through [Time Point]. Subjects with baseline positive samples and without 4-fold increased titer after treatment are not considered treatment-boosted."
"TIRADA04titer","FOOTNOTE3","~{super c} Subjects with evaluable samples had 1 or more postdose samples with sufficient volume to assess the immune responses to [Active Study Agent]."
"TIRADA05","TITLE","[Continuous Response] at [Time Point] by Treatment-emergent Antibodies to [Active Study Agent] Status; Full Analysis Set (Study jjcs - core)"
"TIRADA05","FOOTNOTE1","~{super a} Subjects with evaluable samples had 1 or more postdose samples with sufficient volume to assess the immune responses to [Active Study Agent]."
"TIRADA05","FOOTNOTE2","~{super b} Subjects positive for treatment-emergent antibodies to [Active Study Agent] includes all subjects who were positive (treatment-boosted or treatment-induced) at any time after their first [Active Study Agent] administration through [Time Point]. Subjects with baseline positive samples and without 4-fold increased titer after treatment are not considered treatment-boosted."
"TIRADA05","FOOTNOTE3","~{super c} Includes all subjects with negative samples at all times through [Time Point] and excludes subjects who were treatment-emergent positive at any time through [Time Point ]."
"TIRADA05titer","TITLE","[Continuous Response] at [Time Point] by Treatment-emergent Antibodies to [Active Study Agent] Status; Full Analysis Set (Study jjcs - core)"
"TIRADA05titer","FOOTNOTE1","~{super a} Excludes subjects who were treatment-emergent positive at any time through [Time Point]."
"TIRADA05titer","FOOTNOTE2","~{super b} Subjects positive for treatment-emergent antibodies to [Active Study Agent] includes all subjects who were positive (treatment-boosted or treatment-induced) at any time after their first [Active Study Agent] administration through [Time Point]. Subjects with baseline positive samples and without 4-fold increased titer after treatment are not considered treatment-boosted."
"TIRADA05titer","FOOTNOTE3","~{super c} Subjects with evaluable samples had 1 or more postdose samples with sufficient volume to assess the immune responses to [Active Study Agent]."
"TIRADA06","TITLE","Time to Onset and Duration of Treatment-induced Antibodies to [Active Study Agent]; Immunogenicity Analysis Set (Study jjcs - core)"
"TIRADA06","FOOTNOTE1","~{super a} Subjects with a negative (or unevaluable) baseline result and at least one positive postdose result."
"TIRADA06","FOOTNOTE2","~{super b} Subjects with treatment-induced ADA detected at two or more sampling time points during the intervention (including follow-up period if any), where the first and last ADA-positive samples (irrespective of any negative samples in between) are separated by a period of 16 weeks or longer."
"TIRADA06","FOOTNOTE3","~{super c} Subjects with treatment-induced ADA detected at only one sampling time point (excluding last time point), or at two or more sampling time points during the intervention (including follow-up period if any), where the first and last  ADA-positive samples (irrespective of any negative samples in between) are separated by a period of less than 16 weeks and the last sampling time point is ADA negative."
"TIRADA06","FOOTNOTE4","~{super d} Subjects with an ADA positive response that is not persistent or transient."
"TIRADA06","FOOTNOTE5","~{super e} Date of first positive antibody - date of first administration of [active study agent] +1)/[7]."
"TIRADA06","FOOTNOTE6","~{super f}  Date of last positive antibody - date of first positive antibody+1)/[7]"
"TIRNAB01","TITLE","Neutralizing Antibodies to [Active Study Agent] Status; Immunogenicity Analysis Set (Study jjcs - core)"
"TIRNAB01","FOOTNOTE1","~{super a}  Subjects who presented either treatment-induced or treatment-boosted immunogenicity status. Subjects with a positive sample at baseline and postdose samples that are negative or that do not present a =4-fold  increase from baseline are categorized as negative for treatment-emergent immune responses."
"TIRNAB01","FOOTNOTE2","~{super b} A subject positive for treatment-emergent antibodies to [Active Study Agent] who has at least one postdose sample evaluable for detection of neutralizing antibodies to [Active Study Intervention]."
"TIRNAB01","FOOTNOTE3","~{super c} Subjects positive for neutralizing antibodies from treatment-emergent antibodies to [Active Study Agent] positive subjects. The denominator is the number of subjects evaluable for neutralizing antibodies."
"TIRNAB01","FOOTNOTE4","~{super d} Excludes subjects positive for neutralizing antibodies at any time. The denominator is the number of subjects evaluable for neutralizing antibodies."
"TIRNAB01","FOOTNOTE5","~{super e} The denominator is the number of subjects in the Immunogenicity set."
"TIRNAB02","TITLE","Infusion-related Reactions by Neutralizing Antibodies to [Active Study Agent] Status; Safety Analysis Set (Study jjcs - core)"
"TIRNAB02","FOOTNOTE1","~{super  a} Subjects positive for treatment-emergent antibodies to [Active Study Agent] includes all subjects who were positive (treatment-boosted or treatment-induced) at any time after their first [Active Study Agent] administration through [Time Point]. Subjects with baseline positive samples and without 4-fold increased titer after treatment are not considered treatment-boosted"
"TIRNAB02","FOOTNOTE2","~{super  b} An evaluable subject is a subject positive for treatment-emergent antibodies to [Active Study Agent] who was evaluated for neutralizing antibodies."
"TIRNAB02","FOOTNOTE3","~{super  c} Subjects positive for neutralizing antibodies from treatment-emergent antibodies to [Active Study Agent] positive subjects."
"TIRNAB02","FOOTNOTE4","~{super  d} Excludes subjects who were positive for neutralizing antibodies at any time through [Time Point]."
"TIRNAB02","FOOTNOTE5","~{super  e} For subjects negative for neutralizing antibodies to [Active Study Agent] with infusion-related reactions, the denominator is the number of subjects negative for antibodies to [Active Study Agent]; for subjects positive for treatment-emergent neutralizing antibodies to [Active Study Agent] with infusion-related reactions, the denominator is the number of subjects positive for treatment-emergent neutralizing antibodies to [Active Study Agent]."
"TIRNAB02","FOOTNOTE6","~{super  f} Denominator is total number of [Active Study Agent] infusions in the respective columns."
"TIRNAB02","FOOTNOTE7","~{super  g} Denominator is total number of placebo infusions in the respective columns."
"TIRNAB03","TITLE","Injection Site Reactions by Neutralizing Antibodies to [Active Study Agent] Status; Safety Analysis Set (Study jjcs - core)"
"TIRNAB03","FOOTNOTE1","~{super  a} Subjects positive for treatment-emergent antibodies to [Active Study Agent] includes all subjects who were positive (treatment-boosted or treatment-induced) at any time after their first [Active Study Agent] administration through [Time Point]. Subjects with baseline positive samples and without 4-fold increased titer after treatment are not considered treatment-boosted"
"TIRNAB03","FOOTNOTE2","~{super  b} An evaluable subject is a subject positive for treatment-emergent antibodies to [Active Study Agent] who was evaluated for neutralizing antibodies."
"TIRNAB03","FOOTNOTE3","~{super  c} Subjects positive for neutralizing antibodies from treatment-emergent antibodies to [Active Study Agent] positive subjects."
"TIRNAB03","FOOTNOTE4","~{super  d} Excludes subjects who were positive for neutralizing antibodies at any time through [Time Point]."
"TIRNAB03","FOOTNOTE5","~{super  e} For subjects negative for neutralizing antibodies to [Active Study Agent] with injection site reactions, the denominator is the number of subjects negative for antibodies to [Active Study Agent]; for subjects positive for treatment-emergent neutralizing antibodies to [Active Study Agent] with injection site reactions, the denominator is the number of subjects positive for treatment-emergent neutralizing antibodies to [Active Study Agent]."
"TIRNAB03","FOOTNOTE6","~{super  f} Denominator is total number of [Active Study Agent] injections in the respective columns."
"TIRNAB03","FOOTNOTE7","~{super  g} Denominator is total number of placebo injections in the respective columns."
"TIRNAB04","TITLE","[Categorical Response] at [Time Point] by Neutralizing Antibodies to [Active Study Agent] Status; Full Analysis Set (Study jjcs - core)"
"TIRNAB04","FOOTNOTE1","~{super a} Subjects positive for treatment-emergent antibodies to [Active Study Agent] includes all subjects who were positive (treatment-boosted or treatment-induced) at any time after their first [Active Study Agent] administration through [Time Point]. Subjects with baseline positive samples and without 4-fold increased titer after treatment are not considered treatment-boosted."
"TIRNAB04","FOOTNOTE2","~{super b} An evaluable subject is a subject positive for treatment-emergent antibodies to [Active Study Agent] who was evaluated for neutralizing antibodies."
"TIRNAB04","FOOTNOTE3","~{super c} Subjects positive for neutralizing antibodies from treatment-emergent antibodies to [Active Study Agent] positive subjects."
"TIRNAB04","FOOTNOTE4","~{super d} Excludes subjects who were positive for neutralizing antibodies at any time through [Time Point]."
"TIRNAB05","TITLE","[Continuous Response] at [Time Point] by Neutralizing Antibodies to [Active Study Agent] Status; Full Analysis Set (Study jjcs - core)"
"TIRNAB05","FOOTNOTE1","~{super a} Subjects positive for treatment-emergent antibodies to [Active Study Agent] includes all subjects who were positive (treatment-boosted or treatment-induced) at any time after their first [Active Study Agent] administration through [Time Point]. Subjects with baseline positive samples and without 4-fold increased titer after treatment are not considered treatment-boosted."
"TIRNAB05","FOOTNOTE2","~{super b} An evaluable subject is a subject positive for treatment-emergent antibodies to [Active Study Agent] who was evaluated for neutralizing antibodies."
"TIRNAB05","FOOTNOTE3","~{super c} Subjects positive for neutralizing antibodies from treatment-emergent antibodies to [Active Study Agent] positive subjects."
"TIRNAB05","FOOTNOTE4","~{super d} Excludes subjects who were positive for neutralizing antibodies at any time through [Time Point]."
"GIRADA01","TITLE","Subjects With [Success Criteria] by Treatment-emergent Antibody Status; Full Analysis Set (Study jjcs - core)"
"LIRADA01","TITLE","Listing of Subjects Positive for Treatment-emergent Antibodies to [Active Study Agent] Status; Immunogenicity Analysis Set (Study jjcs - core)"
"LIRADA01","FOOTNOTE1","Key: UEV=Unevaluable Subject."
"LIRADA01","FOOTNOTE2","Note: LLOQ=0.xxx."
"LIRADA02","TITLE","Listing of Subjects Who Discontinued the Study by Treatment-emergent Antibodies to [Active Study Agent] Status; Immunogenicity Analysis Set (Study jjcs - core)"
"LIRADA02","FOOTNOTE1","Key: UEV=Unevaluable Subject."
"LIRADA02","FOOTNOTE2","Note: LLOQ=0.xxx."
"LIRADA03","TITLE","Listing of Subjects With Samples Negative for Treatment-emergent Antibodies to [Active Study Agent] Status and Concentrations Greater Than the Assay Drug Tolerance Limit ([xx ug/mL]) Through [Time Point]; Immunogenicity Analysis Set (Study jjcs - core)"
"LIRADA03","FOOTNOTE1","Key: LLOQ=0.xxx."
"LIRADA04","TITLE","Listing of Subjects With Samples Positive for Antibodies to [Active Study Agent] at Baseline; Immunogenicity Analysis Set (Study jjcs - core)"
"LIRADA04","FOOTNOTE1","Note: LLOQ=0.xxx."
"LIRADA05","TITLE","Listing of Humoral Immunogenicity Through [Time Point]; Immunogenicity Analysis Set (Study jjcs - core)"
"LIRADA05","FOOTNOTE1","~{super a}  Subjects who presented either treatment-induced or treatment-boosted immunogenicity status. Subjects with a positive sample at baseline and postdose samples that are negative or that do not present a =4-fold  increase from baseline are categorized as negative for treatment-emergent immune responses."
"TIRCEL01","TITLE","Baseline and Treatment-emergent Cellular Immunogenicity to [AAV5 and RPGR] Through [Time Point]; Safety Analysis Set (Study jjcs - core)"
"TIRCEL01","FOOTNOTE1","Note: The [ELISPOT] assay was used to assess the cellular immunogenicity towards the treatment as IFN-<U+03B3>] responses of human peripheral blood mononuclear cells (PBMCs)."
"TIRCEL01","FOOTNOTE2","~{super a} Subjects with at least one evaluable baseline sample from at least one peptide pool tested for [AAV5 or RPGR, respectively]."
"TIRCEL01","FOOTNOTE3","~{super b} Subjects with a positive sample status at baseline for at least one of the peptide pools tested for [AAV5 or RPGR, respectively]."
"TIRCEL01","FOOTNOTE4","~{super c} Subjects with a negative sample status at baseline for all the peptide pools tested for [AAV5 or RPGR, respectively]."
"TIRCEL01","FOOTNOTE5","~{super d} Subjects with at least one evaluable postdose sample from at least one peptide pool tested for [AAV5 or RPGR, respectively]."
"TIRCEL01","FOOTNOTE6","~{super e} Subjects with a positive subject status (treatment-boosted or treatment-induced) for at least one of the peptide pools tested for [AAV5 or RPGR, respectively]."
"TIRCEL01","FOOTNOTE7","~{super f} Subjects with a negative subject status for all the peptide pools tested for [AAV5 or RPGR, respectively] postdose."
"LIRCEL01","TITLE","Listing of Cellular Immunogenicity Results Based on IFN-<U+03B3> Response Through [Time Point]; Immunogenicity Analysis Set (Study jjcs - core)"
"LIRCEL01","FOOTNOTE1","~{super a} Values are reported for positive samples as mean spot-forming units per million PBMCs after subtraction of mean spot-forming units for the negative control wells. Sample is considered positive to a [AAV5 or RPGR] peptide pool if [the cube root normalized response value is = the cut-point value for the corresponding peptide pool]."
"LIRCEL01","FOOTNOTE2","~{super b} Subject is considered positive for treatment-emergent responses to [AAV5 or RPGR] if they have a treatment-induced or treatment-boosted status. A treatment-induced status is when a subject does not have a response to any of the [2 AAV5 or 3 RPGR] peptide pools at baseline (or has an unevaluable baseline status) and has a positive response to any of the respective peptide pools postdose.  A treatment-boosted status is when a subject has a positive response to any of the [2 AAV5 or 3 RPGR] peptide pools at baseline and a positive postdose response with an increase of =[0.91 in the normalized cube transformed spot forming units] at any of the [2 AAV5 or 3 RPGR] peptide pools, respectively."
"TBDPCR01","TITLE","Biodistribution and Shedding Sample Results Over Time; Safety Analysis Set (Study jjcs - core)"
"TBDPCR01","FOOTNOTE1","Key: LOD=limit of detection, LOQ=limit of quantification, NR=not reported."
"TBDPCR01","FOOTNOTE2","Note: Total is the total number of samples collected at a specific time point."
"TBDPCR01","FOOTNOTE3","Note: Positive is the number of samples with copies = LOQ and with copies < LOQ."
"TBDPCR01","FOOTNOTE4","Note: Negative is the number of samples with copies < LOD, or where no amplification was detected."
"TBDPCR01","FOOTNOTE5","Note: The LOQ of the assay was [50] viral genome copies/[5 µL] for [lacrimal fluid, saliva, and serum], and [50] viral genome copies/[200 ng] human genomic DNA for [whole blood]."
"TBDPCR01","FOOTNOTE6","Note: The LOD of the assay was [8.29] viral genome copies/[5 µL] for [lacrimal fluid, saliva, and serum], and [8.29] viral genome copies/[200 ng] human genomic DNA for [whole blood]."
"TBDPCR02","TITLE","Biodistribution/Vector Shedding Over Time; Safety Analysis Set (Study jjcs - core)"
"TBDPCR02","FOOTNOTE1","Key: LOD=limit of detection, LOQ=limit of quantification, NR=not reported, UND=no amplification detected."
"TBDPCR02","FOOTNOTE2","Note: The LOQ of the assay was [50] viral genome copies/5 µL for [lacrimal fluid, saliva, and serum], and [50] viral genome copies/[200 ng] human genomic DNA for [whole blood]."
"TBDPCR02","FOOTNOTE3","Note: The LOD of the assay was [8.29] viral genome copies/5 µL for [lacrimal fluid, saliva, and serum], and [8.29] viral genome copies/[200 ng] human genomic DNA for [whole blood]."
"LBDPCR01","TITLE","Listing of Quantitative Polymerase Chain Reaction Values in Whole Blood; Safety Analysis Set (Study jjcs - core)"
"LBDPCR01","FOOTNOTE1","Key: LOD=limit of detection, LOQ=limit of quantification, NR=not reported, UND=no amplification detected."
"LBDPCR01","FOOTNOTE2","~{super a} Study day is relative to [the start of [study treatment]]."
"LBDPCR01","FOOTNOTE3","Note: The LOQ of the assay was [50] viral genome copies/5µL for [lacrimal fluid, saliva, and serum], and [50] viral genome copies/[200ng] human genomic DNA for [whole blood]."
"LBDPCR01","FOOTNOTE4","Note: The LOD of the assay was [8.29] viral genome copies/5µL for [lacrimal fluid, saliva, and serum], and [8.29] viral genome copies/[200ng] human genomic DNA for [whole blood]."
"LBDPCR02","TITLE","Listing of Quantitative Polymerase Chain Reaction Values in Serum; Safety Analysis Set (Study jjcs - core)"
"LBDPCR02","FOOTNOTE1","Key: LOD=limit of detection, LOQ=limit of quantification, NR=not reported, UND=no amplification detected."
"LBDPCR02","FOOTNOTE2","~{super a} Study day is relative to [the start of [study treatment]]."
"LBDPCR02","FOOTNOTE3","Note: The LOQ of the assay was [50] viral genome copies/5µL for [lacrimal fluid, saliva, and serum], and [50] viral genome copies/[200ng] human genomic DNA for [whole blood]."
"LBDPCR02","FOOTNOTE4","Note: The LOD of the assay was [8.29] viral genome copies/5µL for [lacrimal fluid, saliva, and serum], and [8.29] viral genome copies/[200ng] human genomic DNA for [whole blood]."
"LBDPCR03","TITLE","Listing of Quantitative Polymerase Chain Reaction Values in Saliva; Safety Analysis Set (Study jjcs - core)"
"LBDPCR03","FOOTNOTE1","Key: LOD=limit of detection, LOQ=limit of quantification, NR=not reported, UND=no amplification detected."
"LBDPCR03","FOOTNOTE2","~{super a} Study day is relative to [the start of [study treatment]]."
"LBDPCR03","FOOTNOTE3","Note: The LOQ of the assay was [50] viral genome copies/5µL for [lacrimal fluid, saliva, and serum], and [50] viral genome copies/[200ng] human genomic DNA for [whole blood]."
"LBDPCR03","FOOTNOTE4","Note: The LOD of the assay was [8.29] viral genome copies/5µL for [lacrimal fluid, saliva, and serum], and [8.29] viral genome copies/[200ng] human genomic DNA for [whole blood]."
"LBDPCR04","TITLE","Listing of Quantitative Polymerase Chain Reaction Values in Lacrimal Fluid; Safety Analysis Set (Study jjcs - core)"
"LBDPCR04","FOOTNOTE1","Key: LOD=limit of detection, LOQ=limit of quantification, NR=not reported, UND=no amplification detected."
"LBDPCR04","FOOTNOTE2","~{super a} Study day is relative to [the start of [study treatment]]."
"LBDPCR04","FOOTNOTE3","Note: The LOQ of the assay was [50] viral genome copies/5µL for [lacrimal fluid, saliva, and serum], and [50] viral genome copies/[200ng] human genomic DNA for [whole blood]."
"LBDPCR04","FOOTNOTE4","Note: The LOD of the assay was [8.29] viral genome copies/5µL for [lacrimal fluid, saliva, and serum], and [8.29] viral genome copies/[200ng] human genomic DNA for [whole blood]."
"TCRAE01","TITLE","Subjects With Treatment-emergent Adverse Events (Excluding Serious Adverse Events) With Frequency =[5]% in [Any Treatment Group] by System Organ Class and Preferred Term; Safety Analysis Set (Study jjcs - core)"
"TCRAE01","FOOTNOTE1","Note: Subjects are counted only once for any given event, regardless of the number of times they actually experienced the event."
"TCRAE01","FOOTNOTE2","Note: Adverse events are coded using MedDRA version 26.0."
