"label","col 1","col 2","col 3","col 4","col 5","col 6","row_type","anbr","indentme","roworder","newrows"
"Subjects with ≥1 AE","51 (96.2%)","","","","","","VALUE",2,0,0,0
"General disorders and administration site conditions","26 (49.1%)","1 (1.9%)","4 (7.5%)","7 (13.2%)","5 (9.4%)","8 (15.1%)","VALUE",3,0,0,1
"APPLICATION SITE PRURITUS","13 (24.5%)","0","1 (1.9%)","4 (7.5%)","3 (5.7%)","3 (5.7%)","VALUE",3,1,1,0
"APPLICATION SITE ERYTHEMA","10 (18.9%)","0","2 (3.8%)","1 (1.9%)","4 (7.5%)","1 (1.9%)","VALUE",3,1,2,0
"APPLICATION SITE IRRITATION","8 (15.1%)","1 (1.9%)","1 (1.9%)","3 (5.7%)","2 (3.8%)","1 (1.9%)","VALUE",3,1,3,0
"APPLICATION SITE DERMATITIS","4 (7.5%)","0","2 (3.8%)","0","0","1 (1.9%)","VALUE",3,1,4,0
"FATIGUE","5 (9.4%)","1 (1.9%)","2 (3.8%)","0","1 (1.9%)","1 (1.9%)","VALUE",3,1,5,0
"APPLICATION SITE VESICLES","4 (7.5%)","0","0","0","2 (3.8%)","1 (1.9%)","VALUE",3,1,6,0
"APPLICATION SITE SWELLING","2 (3.8%)","0","0","0","1 (1.9%)","1 (1.9%)","VALUE",3,1,7,0
"MALAISE","2 (3.8%)","0","0","0","0","2 (3.8%)","VALUE",3,1,8,0
"APPLICATION SITE PAIN","2 (3.8%)","0","0","0","1 (1.9%)","1 (1.9%)","VALUE",3,1,9,0
"APPLICATION SITE PERSPIRATION","2 (3.8%)","0","0","0","1 (1.9%)","0","VALUE",3,1,10,0
"APPLICATION SITE URTICARIA","0","0","0","0","0","0","VALUE",3,1,11,0
"CHEST DISCOMFORT","1 (1.9%)","0","0","1 (1.9%)","0","0","VALUE",3,1,12,0
"CHEST PAIN","2 (3.8%)","0","1 (1.9%)","0","0","0","VALUE",3,1,13,0
"OEDEMA PERIPHERAL","1 (1.9%)","0","0","0","0","0","VALUE",3,1,14,0
"APPLICATION SITE BLEEDING","0","0","0","0","0","0","VALUE",3,1,15,0
"APPLICATION SITE DESQUAMATION","0","0","0","0","0","0","VALUE",3,1,16,0
"APPLICATION SITE REACTION","1 (1.9%)","0","1 (1.9%)","0","0","0","VALUE",3,1,17,0
"ASTHENIA","0","0","0","0","0","0","VALUE",3,1,18,0
"CHILLS","1 (1.9%)","0","0","1 (1.9%)","0","0","VALUE",3,1,19,0
"FEELING ABNORMAL","1 (1.9%)","0","0","1 (1.9%)","0","0","VALUE",3,1,20,0
"FEELING COLD","1 (1.9%)","0","0","0","0","0","VALUE",3,1,21,0
"OEDEMA","0","0","0","0","0","0","VALUE",3,1,22,0
"PAIN","1 (1.9%)","0","0","0","1 (1.9%)","0","VALUE",3,1,23,0
"PYREXIA","0","0","0","0","0","0","VALUE",3,1,24,0
"SECRETION DISCHARGE","0","0","0","0","0","0","VALUE",3,1,25,0
"SUDDEN DEATH","0","0","0","0","0","0","VALUE",3,1,26,0
"ULCER","0","0","0","0","0","0","VALUE",3,1,27,0
"APPLICATION SITE INDURATION","0","0","0","0","0","0","VALUE",3,1,28,0
"Skin and subcutaneous tissue disorders","34 (64.2%)","2 (3.8%)","2 (3.8%)","10 (18.9%)","10 (18.9%)","7 (13.2%)","VALUE",4,0,28,1
"PRURITUS","20 (37.7%)","2 (3.8%)","2 (3.8%)","5 (9.4%)","5 (9.4%)","4 (7.5%)","VALUE",4,1,29,0
"ERYTHEMA","12 (22.6%)","0","1 (1.9%)","4 (7.5%)","3 (5.7%)","2 (3.8%)","VALUE",4,1,30,0
"RASH","5 (9.4%)","0","1 (1.9%)","1 (1.9%)","3 (5.7%)","0","VALUE",4,1,31,0
"HYPERHIDROSIS","8 (15.1%)","0","1 (1.9%)","3 (5.7%)","1 (1.9%)","0","VALUE",4,1,32,0
"SKIN IRRITATION","4 (7.5%)","0","1 (1.9%)","2 (3.8%)","0","1 (1.9%)","VALUE",4,1,33,0
"BLISTER","1 (1.9%)","0","0","0","1 (1.9%)","0","VALUE",4,1,34,0
"RASH PRURITIC","2 (3.8%)","2 (3.8%)","0","0","0","0","VALUE",4,1,35,0
"URTICARIA","1 (1.9%)","0","0","1 (1.9%)","0","0","VALUE",4,1,36,0
"ACTINIC KERATOSIS","1 (1.9%)","0","0","0","0","1 (1.9%)","VALUE",4,1,37,0
"PRURITUS GENERALISED","1 (1.9%)","0","0","1 (1.9%)","0","0","VALUE",4,1,38,0
"RASH ERYTHEMATOUS","0","0","0","0","0","0","VALUE",4,1,39,0
"RASH MACULO-PAPULAR","1 (1.9%)","0","0","0","1 (1.9%)","0","VALUE",4,1,40,0
"SKIN ODOUR ABNORMAL","1 (1.9%)","0","1 (1.9%)","0","0","0","VALUE",4,1,41,0
"ALOPECIA","0","0","0","0","0","0","VALUE",4,1,42,0
"DRUG ERUPTION","0","0","0","0","0","0","VALUE",4,1,43,0
"SKIN ULCER","0","0","0","0","0","0","VALUE",4,1,44,0
"Nervous system disorders","18 (34.0%)","4 (7.5%)","1 (1.9%)","1 (1.9%)","5 (9.4%)","5 (9.4%)","VALUE",5,0,44,1
"DIZZINESS","8 (15.1%)","1 (1.9%)","1 (1.9%)","0","1 (1.9%)","3 (5.7%)","VALUE",5,1,45,0
"HEADACHE","5 (9.4%)","0","1 (1.9%)","1 (1.9%)","1 (1.9%)","2 (3.8%)","VALUE",5,1,46,0
"SYNCOPE","1 (1.9%)","1 (1.9%)","0","0","0","0","VALUE",5,1,47,0
"SOMNOLENCE","1 (1.9%)","1 (1.9%)","0","0","0","0","VALUE",5,1,48,0
"TRANSIENT ISCHAEMIC ATTACK","1 (1.9%)","1 (1.9%)","0","0","0","0","VALUE",5,1,49,0
"BALANCE DISORDER","0","0","0","0","0","0","VALUE",5,1,50,0
"BURNING SENSATION","1 (1.9%)","0","0","0","0","1 (1.9%)","VALUE",5,1,51,0
"COGNITIVE DISORDER","1 (1.9%)","0","0","0","1 (1.9%)","0","VALUE",5,1,52,0
"COMPLEX PARTIAL SEIZURES","0","0","0","0","0","0","VALUE",5,1,53,0
"COORDINATION ABNORMAL","0","0","0","0","0","0","VALUE",5,1,54,0
"HEMIANOPIA HOMONYMOUS","0","0","0","0","0","0","VALUE",5,1,55,0
"HYPERSOMNIA","1 (1.9%)","1 (1.9%)","0","0","0","0","VALUE",5,1,56,0
"LETHARGY","0","0","0","0","0","0","VALUE",5,1,57,0
"PARAESTHESIA","1 (1.9%)","0","0","0","1 (1.9%)","0","VALUE",5,1,58,0
"PARAESTHESIA ORAL","0","0","0","0","0","0","VALUE",5,1,59,0
"PAROSMIA","1 (1.9%)","0","0","0","1 (1.9%)","0","VALUE",5,1,60,0
"PARTIAL SEIZURES WITH SECONDARY GENERALISATION","1 (1.9%)","1 (1.9%)","0","0","0","0","VALUE",5,1,61,0
"STUPOR","0","0","0","0","0","0","VALUE",5,1,62,0
"SYNCOPE VASOVAGAL","1 (1.9%)","0","0","1 (1.9%)","0","0","VALUE",5,1,63,0
"PARKINSON'S DISEASE","0","0","0","0","0","0","VALUE",5,1,64,0
"PSYCHOMOTOR HYPERACTIVITY","0","0","0","0","0","0","VALUE",5,1,65,0
"Gastrointestinal disorders","14 (26.4%)","1 (1.9%)","3 (5.7%)","3 (5.7%)","2 (3.8%)","5 (9.4%)","VALUE",6,0,65,1
"NAUSEA","5 (9.4%)","0","1 (1.9%)","2 (3.8%)","1 (1.9%)","1 (1.9%)","VALUE",6,1,66,0
"VOMITING","5 (9.4%)","1 (1.9%)","0","0","2 (3.8%)","2 (3.8%)","VALUE",6,1,67,0
"DIARRHOEA","2 (3.8%)","1 (1.9%)","1 (1.9%)","0","0","0","VALUE",6,1,68,0
"SALIVARY HYPERSECRETION","4 (7.5%)","0","1 (1.9%)","1 (1.9%)","1 (1.9%)","1 (1.9%)","VALUE",6,1,69,0
"ABDOMINAL PAIN","0","0","0","0","0","0","VALUE",6,1,70,0
"ABDOMINAL DISCOMFORT","1 (1.9%)","0","0","0","0","1 (1.9%)","VALUE",6,1,71,0
"DYSPEPSIA","0","0","0","0","0","0","VALUE",6,1,72,0
"RECTAL HAEMORRHAGE","0","0","0","0","0","0","VALUE",6,1,73,0
"STOMACH DISCOMFORT","1 (1.9%)","1 (1.9%)","0","0","0","0","VALUE",6,1,74,0
"CONSTIPATION","0","0","0","0","0","0","VALUE",6,1,75,0
"GASTROOESOPHAGEAL REFLUX DISEASE","0","0","0","0","0","0","VALUE",6,1,76,0
"GLOSSITIS","0","0","0","0","0","0","VALUE",6,1,77,0
"HIATUS HERNIA","0","0","0","0","0","0","VALUE",6,1,78,0
"Cardiac disorders","11 (20.8%)","0","2 (3.8%)","2 (3.8%)","1 (1.9%)","3 (5.7%)","VALUE",7,0,78,1
"SINUS BRADYCARDIA","7 (13.2%)","0","1 (1.9%)","2 (3.8%)","0","2 (3.8%)","VALUE",7,1,79,0
"MYOCARDIAL INFARCTION","3 (5.7%)","0","1 (1.9%)","0","1 (1.9%)","0","VALUE",7,1,80,0
"ATRIAL FIBRILLATION","1 (1.9%)","0","0","0","1 (1.9%)","0","VALUE",7,1,81,0
"VENTRICULAR EXTRASYSTOLES","1 (1.9%)","0","0","0","0","0","VALUE",7,1,82,0
"ATRIAL FLUTTER","1 (1.9%)","0","0","0","0","1 (1.9%)","VALUE",7,1,83,0
"PALPITATIONS","0","0","0","0","0","0","VALUE",7,1,84,0
"ATRIOVENTRICULAR BLOCK FIRST DEGREE","0","0","0","0","0","0","VALUE",7,1,85,0
"BUNDLE BRANCH BLOCK RIGHT","0","0","0","0","0","0","VALUE",7,1,86,0
"CARDIAC DISORDER","1 (1.9%)","0","0","0","0","0","VALUE",7,1,87,0
"SUPRAVENTRICULAR EXTRASYSTOLES","0","0","0","0","0","0","VALUE",7,1,88,0
"SUPRAVENTRICULAR TACHYCARDIA","0","0","0","0","0","0","VALUE",7,1,89,0
"WOLFF-PARKINSON-WHITE SYNDROME","0","0","0","0","0","0","VALUE",7,1,90,0
"ATRIOVENTRICULAR BLOCK SECOND DEGREE","0","0","0","0","0","0","VALUE",7,1,91,0
"BUNDLE BRANCH BLOCK LEFT","0","0","0","0","0","0","VALUE",7,1,92,0
"SINUS ARRHYTHMIA","0","0","0","0","0","0","VALUE",7,1,93,0
"TACHYCARDIA","0","0","0","0","0","0","VALUE",7,1,94,0
"Infections and infestations","9 (17.0%)","1 (1.9%)","3 (5.7%)","1 (1.9%)","2 (3.8%)","2 (3.8%)","VALUE",8,0,94,1
"NASOPHARYNGITIS","3 (5.7%)","0","2 (3.8%)","0","0","1 (1.9%)","VALUE",8,1,95,0
"INFLUENZA","1 (1.9%)","0","1 (1.9%)","0","0","0","VALUE",8,1,96,0
"UPPER RESPIRATORY TRACT INFECTION","2 (3.8%)","0","0","1 (1.9%)","0","1 (1.9%)","VALUE",8,1,97,0
"CELLULITIS","0","0","0","0","0","0","VALUE",8,1,98,0
"HORDEOLUM","1 (1.9%)","0","1 (1.9%)","0","0","0","VALUE",8,1,99,0
"LOWER RESPIRATORY TRACT INFECTION","1 (1.9%)","0","0","0","1 (1.9%)","0","VALUE",8,1,100,0
"PNEUMONIA","0","0","0","0","0","0","VALUE",8,1,101,0
"RHINITIS","1 (1.9%)","1 (1.9%)","0","0","0","0","VALUE",8,1,102,0
"URINARY TRACT INFECTION","1 (1.9%)","0","0","0","1 (1.9%)","0","VALUE",8,1,103,0
"BRONCHITIS","0","0","0","0","0","0","VALUE",8,1,104,0
"CERVICITIS","0","0","0","0","0","0","VALUE",8,1,105,0
"EAR INFECTION","0","0","0","0","0","0","VALUE",8,1,106,0
"GASTROENTERITIS VIRAL","0","0","0","0","0","0","VALUE",8,1,107,0
"LOCALISED INFECTION","0","0","0","0","0","0","VALUE",8,1,108,0
"VAGINAL MYCOSIS","0","0","0","0","0","0","VALUE",8,1,109,0
"Psychiatric disorders","6 (11.3%)","1 (1.9%)","1 (1.9%)","1 (1.9%)","1 (1.9%)","0","VALUE",9,0,109,1
"CONFUSIONAL STATE","1 (1.9%)","0","0","0","0","0","VALUE",9,1,110,0
"AGITATION","0","0","0","0","0","0","VALUE",9,1,111,0
"ANXIETY","0","0","0","0","0","0","VALUE",9,1,112,0
"DELIRIUM","1 (1.9%)","0","1 (1.9%)","0","0","0","VALUE",9,1,113,0
"DELUSION","1 (1.9%)","0","0","0","0","0","VALUE",9,1,114,0
"DEPRESSED MOOD","0","0","0","0","0","0","VALUE",9,1,115,0
"HALLUCINATION","1 (1.9%)","0","0","0","1 (1.9%)","0","VALUE",9,1,116,0
"HALLUCINATION, VISUAL","1 (1.9%)","0","0","0","0","0","VALUE",9,1,117,0
"INSOMNIA","1 (1.9%)","0","0","0","0","0","VALUE",9,1,118,0
"IRRITABILITY","0","0","0","0","0","0","VALUE",9,1,119,0
"LIBIDO DECREASED","1 (1.9%)","1 (1.9%)","0","0","0","0","VALUE",9,1,120,0
"LISTLESS","1 (1.9%)","1 (1.9%)","0","0","0","0","VALUE",9,1,121,0
"NIGHTMARE","1 (1.9%)","0","0","1 (1.9%)","0","0","VALUE",9,1,122,0
"RESTLESSNESS","0","0","0","0","0","0","VALUE",9,1,123,0
"DISORIENTATION","0","0","0","0","0","0","VALUE",9,1,124,0
"DISTURBANCE IN SEXUAL AROUSAL","0","0","0","0","0","0","VALUE",9,1,125,0
"Respiratory, thoracic and mediastinal disorders","7 (13.2%)","0","2 (3.8%)","1 (1.9%)","0","3 (5.7%)","VALUE",10,0,125,1
"COUGH","3 (5.7%)","0","1 (1.9%)","0","0","1 (1.9%)","VALUE",10,1,126,0
"NASAL CONGESTION","3 (5.7%)","0","0","0","0","1 (1.9%)","VALUE",10,1,127,0
"EPISTAXIS","2 (3.8%)","0","2 (3.8%)","0","0","0","VALUE",10,1,128,0
"RHINORRHOEA","1 (1.9%)","0","0","0","0","1 (1.9%)","VALUE",10,1,129,0
"ALLERGIC GRANULOMATOUS ANGIITIS","1 (1.9%)","0","0","0","0","1 (1.9%)","VALUE",10,1,130,0
"DYSPHONIA","0","0","0","0","0","0","VALUE",10,1,131,0
"DYSPNOEA","0","0","0","0","0","0","VALUE",10,1,132,0
"PHARYNGOLARYNGEAL PAIN","1 (1.9%)","0","0","1 (1.9%)","0","0","VALUE",10,1,133,0
"PRODUCTIVE COUGH","1 (1.9%)","1 (1.9%)","0","0","0","0","VALUE",10,1,134,0
"RESPIRATORY TRACT CONGESTION","1 (1.9%)","0","1 (1.9%)","0","0","0","VALUE",10,1,135,0
"EMPHYSEMA","0","0","0","0","0","0","VALUE",10,1,136,0
"POSTNASAL DRIP","0","0","0","0","0","0","VALUE",10,1,137,0
"Investigations","5 (9.4%)","0","0","1 (1.9%)","2 (3.8%)","2 (3.8%)","VALUE",11,0,137,1
"BLOOD GLUCOSE INCREASED","1 (1.9%)","0","0","0","1 (1.9%)","0","VALUE",11,1,138,0
"ELECTROCARDIOGRAM T WAVE INVERSION","1 (1.9%)","0","0","0","0","1 (1.9%)","VALUE",11,1,139,0
"BIOPSY","1 (1.9%)","0","0","1 (1.9%)","0","0","VALUE",11,1,140,0
"BIOPSY PROSTATE","1 (1.9%)","0","0","0","0","1 (1.9%)","VALUE",11,1,141,0
"BLOOD CHOLESTEROL INCREASED","1 (1.9%)","0","0","0","1 (1.9%)","0","VALUE",11,1,142,0
"BODY TEMPERATURE INCREASED","0","0","0","0","0","0","VALUE",11,1,143,0
"ELECTROCARDIOGRAM ST SEGMENT DEPRESSION","0","0","0","0","0","0","VALUE",11,1,144,0
"ELECTROCARDIOGRAM T WAVE AMPLITUDE DECREASED","0","0","0","0","0","0","VALUE",11,1,145,0
"NASAL MUCOSA BIOPSY","0","0","0","0","0","0","VALUE",11,1,146,0
"WEIGHT DECREASED","0","0","0","0","0","0","VALUE",11,1,147,0
"BLOOD ALKALINE PHOSPHATASE INCREASED","0","0","0","0","0","0","VALUE",11,1,148,0
"BLOOD CREATINE PHOSPHOKINASE INCREASED","0","0","0","0","0","0","VALUE",11,1,149,0
"BLOOD URINE PRESENT","0","0","0","0","0","0","VALUE",11,1,150,0
"CYSTOSCOPY","0","0","0","0","0","0","VALUE",11,1,151,0
"Musculoskeletal and connective tissue disorders","4 (7.5%)","0","0","0","0","3 (5.7%)","VALUE",12,0,151,1
"BACK PAIN","2 (3.8%)","0","0","0","0","2 (3.8%)","VALUE",12,1,152,0
"ARTHRALGIA","1 (1.9%)","0","0","1 (1.9%)","0","0","VALUE",12,1,153,0
"FLANK PAIN","1 (1.9%)","0","0","0","0","1 (1.9%)","VALUE",12,1,154,0
"MUSCLE SPASMS","0","0","0","0","0","0","VALUE",12,1,155,0
"MUSCULAR WEAKNESS","0","0","0","0","0","0","VALUE",12,1,156,0
"MYALGIA","1 (1.9%)","0","0","0","0","0","VALUE",12,1,157,0
"SHOULDER PAIN","0","0","0","0","0","0","VALUE",12,1,158,0
"Injury, poisoning and procedural complications","3 (5.7%)","0","0","2 (3.8%)","0","0","VALUE",13,0,158,1
"CONTUSION","2 (3.8%)","1 (1.9%)","0","1 (1.9%)","0","0","VALUE",13,1,159,0
"FALL","1 (1.9%)","0","0","1 (1.9%)","0","0","VALUE",13,1,160,0
"EXCORIATION","1 (1.9%)","0","0","0","0","0","VALUE",13,1,161,0
"SKIN LACERATION","0","0","0","0","0","0","VALUE",13,1,162,0
"FACIAL BONES FRACTURE","1 (1.9%)","0","1 (1.9%)","0","0","0","VALUE",13,1,163,0
"JOINT DISLOCATION","0","0","0","0","0","0","VALUE",13,1,164,0
"WOUND","0","0","0","0","0","0","VALUE",13,1,165,0
"HIP FRACTURE","0","0","0","0","0","0","VALUE",13,1,166,0
"Renal and urinary disorders","2 (3.8%)","1 (1.9%)","0","0","1 (1.9%)","0","VALUE",14,0,166,1
"CALCULUS URETHRAL","1 (1.9%)","1 (1.9%)","0","0","0","0","VALUE",14,1,167,0
"DYSURIA","0","0","0","0","0","0","VALUE",14,1,168,0
"INCONTINENCE","0","0","0","0","0","0","VALUE",14,1,169,0
"MICTURITION URGENCY","0","0","0","0","0","0","VALUE",14,1,170,0
"NEPHROLITHIASIS","1 (1.9%)","0","0","0","1 (1.9%)","0","VALUE",14,1,171,0
"Vascular disorders","1 (1.9%)","0","0","0","0","1 (1.9%)","VALUE",15,0,171,1
"HOT FLUSH","0","0","0","0","0","0","VALUE",15,1,172,0
"HYPERTENSION","0","0","0","0","0","0","VALUE",15,1,173,0
"HYPOTENSION","0","0","0","0","0","0","VALUE",15,1,174,0
"WOUND HAEMORRHAGE","1 (1.9%)","0","0","0","0","1 (1.9%)","VALUE",15,1,175,0
"ORTHOSTATIC HYPOTENSION","0","0","0","0","0","0","VALUE",15,1,176,0
"Ear and labyrinth disorders","1 (1.9%)","0","0","1 (1.9%)","0","0","VALUE",16,0,176,1
"VERTIGO","1 (1.9%)","0","0","1 (1.9%)","0","0","VALUE",16,1,177,0
"CERUMEN IMPACTION","0","0","0","0","0","0","VALUE",16,1,178,0
"EAR PAIN","0","0","0","0","0","0","VALUE",16,1,179,0
"Eye disorders","1 (1.9%)","0","0","0","0","1 (1.9%)","VALUE",17,0,179,1
"VISION BLURRED","1 (1.9%)","0","0","0","0","1 (1.9%)","VALUE",17,1,180,0
"CONJUNCTIVAL HAEMORRHAGE","0","0","0","0","0","0","VALUE",17,1,181,0
"CONJUNCTIVITIS","0","0","0","0","0","0","VALUE",17,1,182,0
"EYE ALLERGY","0","0","0","0","0","0","VALUE",17,1,183,0
"EYE PRURITUS","0","0","0","0","0","0","VALUE",17,1,184,0
"EYE SWELLING","0","0","0","0","0","0","VALUE",17,1,185,0
"Reproductive system and breast disorders","3 (5.7%)","1 (1.9%)","0","0","0","1 (1.9%)","VALUE",18,0,185,1
"ABNORMAL UTERINE BLEEDING","1 (1.9%)","1 (1.9%)","0","0","0","0","VALUE",18,1,186,0
"BENIGN PROSTATIC HYPERPLASIA","1 (1.9%)","0","0","0","0","1 (1.9%)","VALUE",18,1,187,0
"ERECTILE DYSFUNCTION","1 (1.9%)","0","0","0","0","0","VALUE",18,1,188,0
"PELVIC PAIN","0","0","0","0","0","0","VALUE",18,1,189,0
"Congenital, familial and genetic disorders","1 (1.9%)","0","0","1 (1.9%)","0","0","VALUE",19,0,189,1
"VENTRICULAR SEPTAL DEFECT","1 (1.9%)","0","0","1 (1.9%)","0","0","VALUE",19,1,190,0
"Neoplasms benign, malignant and unspecified (incl cysts and polyps)","1 (1.9%)","0","0","0","1 (1.9%)","0","VALUE",20,0,190,1
"COLON CANCER","0","0","0","0","0","0","VALUE",20,1,191,0
"PROSTATE CANCER","1 (1.9%)","0","0","0","1 (1.9%)","0","VALUE",20,1,192,0
"Endocrine disorders","0","0","0","0","0","0","VALUE",21,0,192,1
"BLEEDING ANOVULATORY","0","0","0","0","0","0","VALUE",21,1,193,0
"Metabolism and nutrition disorders","1 (1.9%)","0","0","0","0","1 (1.9%)","VALUE",22,0,193,1
"INCREASED APPETITE","1 (1.9%)","0","0","0","0","1 (1.9%)","VALUE",22,1,194,0
"DECREASED APPETITE","0","0","0","0","0","0","VALUE",22,1,195,0
"DEHYDRATION","0","0","0","0","0","0","VALUE",22,1,196,0
"Surgical and medical procedures","1 (1.9%)","0","0","1 (1.9%)","0","0","VALUE",23,0,196,1
"ACROCHORDON EXCISION","1 (1.9%)","0","0","1 (1.9%)","0","0","VALUE",23,1,197,0
"CATARACT OPERATION","0","0","0","0","0","0","VALUE",23,1,198,0
"EYE LASER SURGERY","0","0","0","0","0","0","VALUE",23,1,199,0
